"Test","Animal","Treatment","Stage","Trial","Date","Time","Duration","Distance","Velocidad","TiempoSE","TiempoSO","TiempoNO","TiempoNE","Annulus.NE...entries","Annulus.NE...latency.to.first.entry","Annulus.NE...mean.distance.from","Annulus.NE...path.efficiency.to.entry","Annulus.NE...CIPL","Annulus.SW...entries","Annulus.SW...latency.to.first.entry","Annulus.SW...mean.distance.from","Annulus.SW...path.efficiency.to.entry","Annulus.SW...CIPL"
5,"1b","CUMS_ctrl","pre-entrenamiento 1 salida",1,"12/16/2022","15:13",27.1,6.275,0.232,5.7,2.7,11.4,7.4,0,NA,0.43,NA,NA,0,NA,0.584,NA,NA
6,"2b","CUMS_ctrl","pre-entrenamiento 1 salida",1,"12/16/2022","15:15",30.3,7.636,0.252,5.3,5,9.2,10.8,1,21.4,0.399,0.049,7.6,0,NA,0.537,NA,NA
7,"3b","CUMS_ctrl","pre-entrenamiento 1 salida",1,"12/16/2022","15:18",13.2,3.275,0.247,2.1,0.1,6.3,4.8,0,NA,0.367,NA,NA,0,NA,0.647,NA,NA
8,"1-1","CUMS_ctrl","pre-entrenamiento 1 salida",1,"12/16/2022","15:20",60,4.076,0.068,34.1,6.3,13.2,6.4,0,NA,0.4,NA,NA,0,NA,0.613,NA,NA
9,"2-1","CUMS_ctrl","pre-entrenamiento 1 salida",1,"12/16/2022","15:21",11.5,2.246,0.196,3.6,0,0,7.8,1,5.4,0.254,0.405,0.72,0,NA,0.641,NA,NA
10,"3-1","CUMS_ctrl","pre-entrenamiento 1 salida",1,"12/16/2022","15:25",55.3,10.104,0.183,9.4,6.6,23.1,16.2,0,NA,0.421,NA,NA,1,42.4,0.522,0.097,21.13
11,"4-1","CUMS_ctrl","pre-entrenamiento 1 salida",1,"12/16/2022","15:27",45.3,10.116,0.223,1.5,9.6,18.7,15.5,0,NA,0.453,NA,NA,0,NA,0.564,NA,NA
1,"1a","CUMS_Fluox","pre-entrenamiento 1 salida",1,"12/16/2022","15:04",60,12.342,0.206,20.5,4.5,8.8,26.2,1,47,0.356,0.035,13.15,0,NA,0.58,NA,NA
2,"2a","CUMS_Fluox","pre-entrenamiento 1 salida",1,"12/16/2022","15:06",9.4,1.556,0.165,0,0,2.5,6.9,0,NA,0.304,NA,NA,0,NA,0.73,NA,NA
3,"3a","CUMS_Fluox","pre-entrenamiento 1 salida",1,"12/16/2022","15:07",46.3,11.319,0.244,11.4,13.4,9.9,11.5,0,NA,0.461,NA,NA,0,NA,0.426,NA,NA
4,"4a","CUMS_Fluox","pre-entrenamiento 1 salida",1,"12/16/2022","15:09",9,1.738,0.192,0.8,0.9,1.8,5.6,1,5.8,0.262,0.299,1.18,0,NA,0.618,NA,NA
12,"1-2","CUMS_Fluox","pre-entrenamiento 1 salida",1,"12/16/2022","15:31",47.9,8.039,0.168,3.4,0,8.9,35.7,0,NA,0.274,NA,NA,0,NA,0.709,NA,NA
13,"2-2","CUMS_Fluox","pre-entrenamiento 1 salida",1,"12/16/2022","15:32",60,11.701,0.195,12.9,6.9,11.5,28.7,1,16.8,0.374,0.113,3.77,1,57.6,0.607,0.071,34.09
14,"3-2","CUMS_Fluox","pre-entrenamiento 1 salida",1,"12/16/2022","15:35",9.2,1.485,0.162,0,0,3.9,5.2,0,NA,0.388,NA,NA,0,NA,0.678,NA,NA
15,"4-2","CUMS_Fluox","pre-entrenamiento 1 salida",1,"12/16/2022","15:36",35.4,7.124,0.201,4.7,10,8.1,12.6,0,NA,0.457,NA,NA,0,NA,0.525,NA,NA
32,"1b","CUMS_ctrl","entrenamiento_1",1,"12/19/2022","15:15",60,12.676,0.211,28.5,20.6,7.7,3.2,0,NA,0.621,NA,NA,0,NA,0.416,NA,NA
33,"1b","CUMS_ctrl","entrenamiento_1",2,"12/19/2022","15:17",31,5.304,0.171,11.8,0,0,19.2,1,31,0.296,0.058,8.89,0,NA,0.679,NA,NA
34,"1b","CUMS_ctrl","entrenamiento_1",3,"12/19/2022","15:18",14.4,2.089,0.145,3.8,9.2,0,1.4,1,14.4,0.633,0.381,6.91,0,NA,0.25,NA,NA
35,"1b","CUMS_ctrl","entrenamiento_1",4,"12/19/2022","15:19",45.1,7.996,0.177,4.9,9.1,8.7,22.5,1,45.1,0.351,0.045,15.43,0,NA,0.537,NA,NA
36,"2b","CUMS_ctrl","entrenamiento_1",1,"12/19/2022","15:22",46.6,9.624,0.206,8.4,21.2,12.8,4.2,1,46.6,0.59,0.083,25.91,1,6.6,0.345,0.306,1.13
37,"2b","CUMS_ctrl","entrenamiento_1",2,"12/19/2022","15:23",21.7,4.639,0.214,4.3,3.7,5,8.7,1,21.7,0.402,0.043,8.6,0,NA,0.492,NA,NA
38,"2b","CUMS_ctrl","entrenamiento_1",3,"12/19/2022","15:24",10.2,1.721,0.169,2.9,3.4,3.1,0.8,1,10.1,0.498,0.354,3.9,0,NA,0.259,NA,NA
39,"2b","CUMS_ctrl","entrenamiento_1",4,"12/19/2022","15:25",13,1.938,0.15,3.2,0,2.5,7.3,1,12.9,0.323,0.19,3.65,0,NA,0.645,NA,NA
40,"3b","CUMS_ctrl","entrenamiento_1",1,"12/19/2022","15:27",60,14.258,0.238,15.5,20.6,15.4,8.4,0,NA,0.551,NA,NA,0,NA,0.388,NA,NA
41,"3b","CUMS_ctrl","entrenamiento_1",2,"12/19/2022","15:29",5.3,1.082,0.206,2,0,0,3.2,1,5.2,0.323,0.399,1.33,0,NA,0.679,NA,NA
42,"3b","CUMS_ctrl","entrenamiento_1",3,"12/19/2022","15:30",3.4,0.37,0.109,0,0,0,3.4,1,3.4,0.226,0.9,0.25,0,NA,0.752,NA,NA
43,"3b","CUMS_ctrl","entrenamiento_1",4,"12/19/2022","15:31",21.8,4.255,0.195,12.1,0,4,5.7,1,21.8,0.344,0.108,6.93,0,NA,0.531,NA,NA
44,"1-1","CUMS_ctrl","entrenamiento_1",1,"12/19/2022","15:34",60,13.17,0.22,17.5,25.1,8.5,8.9,0,NA,0.559,NA,NA,2,32.2,0.402,0.012,13.16
45,"1-1","CUMS_ctrl","entrenamiento_1",2,"12/19/2022","15:36",17.1,3.484,0.204,5.9,2.4,4.1,4.7,1,17.1,0.403,0.089,6.62,0,NA,0.496,NA,NA
46,"1-1","CUMS_ctrl","entrenamiento_1",3,"12/19/2022","15:37",60,12.524,0.209,5.1,10.5,15.6,28.8,0,NA,0.387,NA,NA,2,2.1,0.568,0.801,0.15
47,"1-1","CUMS_ctrl","entrenamiento_1",4,"12/19/2022","15:39",7.2,0.753,0.104,0,0,5.5,1.8,1,7.2,0.347,0.586,1.54,0,NA,0.738,NA,NA
48,"2-1","CUMS_ctrl","entrenamiento_1",1,"12/19/2022","15:43",60,11.863,0.198,4.6,27.9,15.4,12.1,0,NA,0.551,NA,NA,4,1.8,0.382,0.761,0.19
49,"2-1","CUMS_ctrl","entrenamiento_1",2,"12/19/2022","15:44",16.1,3.253,0.202,1.9,6.6,3.8,3.8,1,16.1,0.478,0.146,7.12,0,NA,0.396,NA,NA
50,"2-1","CUMS_ctrl","entrenamiento_1",3,"12/19/2022","15:45",59.9,12.193,0.204,11,18.2,12.9,17.9,1,59.9,0.426,0.052,24.52,2,15.4,0.409,0.096,4.88
51,"2-1","CUMS_ctrl","entrenamiento_1",4,"12/19/2022","15:47",5.7,0.787,0.137,0,0,0.5,5.2,1,5.7,0.2,0.485,0.59,0,NA,0.772,NA,NA
52,"3-1","CUMS_ctrl","entrenamiento_1",1,"12/19/2022","15:49",60,13.367,0.223,14.7,20.1,17,8.2,0,NA,0.556,NA,NA,1,33.9,0.415,0.037,15.53
53,"3-1","CUMS_ctrl","entrenamiento_1",2,"12/19/2022","15:50",48.3,8.596,0.178,14,2.1,12.7,19.5,1,48.3,0.342,0.034,16.27,0,NA,0.528,NA,NA
54,"3-1","CUMS_ctrl","entrenamiento_1",3,"12/19/2022","15:52",47.2,7.832,0.166,7.9,8.6,0,30.7,1,47.2,0.252,0.031,11.89,0,NA,0.566,NA,NA
55,"3-1","CUMS_ctrl","entrenamiento_1",4,"12/19/2022","15:53",10.8,1.574,0.145,1.4,0,0.6,8.8,1,10.8,0.159,0.251,1.15,0,NA,0.633,NA,NA
56,"4-1","CUMS_ctrl","entrenamiento_1",1,"12/19/2022","15:55",60,12.954,0.216,20.3,12.5,12,15.1,0,NA,0.458,NA,NA,0,NA,0.462,NA,NA
57,"4-1","CUMS_ctrl","entrenamiento_1",2,"12/19/2022","15:57",13.5,2.701,0.199,1.5,0,2,10,1,13.5,0.174,0.089,2.2,0,NA,0.65,NA,NA
58,"4-1","CUMS_ctrl","entrenamiento_1",3,"12/19/2022","15:58",16.4,3.662,0.224,5.2,1.4,2.4,7.4,1,16.3,0.27,0.201,3.14,0,NA,0.528,NA,NA
59,"4-1","CUMS_ctrl","entrenamiento_1",4,"12/19/2022","15:59",2.3,0.313,0.136,0,0,0,2.3,1,2.3,0.191,0.922,0.12,0,NA,0.81,NA,NA
16,"1a","CUMS_Fluox","entrenamiento_1",1,"12/19/2022","14:49",37.9,7.813,0.206,3.9,17,14.6,2.5,1,37.9,0.628,0.099,22.31,0,NA,0.363,NA,NA
17,"1a","CUMS_Fluox","entrenamiento_1",2,"12/19/2022","14:50",18.1,3.861,0.213,7.5,2.1,3.6,5,1,18.1,0.416,0.083,7.17,1,12.1,0.509,0.295,5.22
18,"1a","CUMS_Fluox","entrenamiento_1",3,"12/19/2022","14:51",32.3,6.674,0.207,11.4,11.5,0.7,8.7,1,32.2,0.475,0.109,14.01,1,21.4,0.417,0.071,9.03
19,"1a","CUMS_Fluox","entrenamiento_1",4,"12/19/2022","14:52",60,11.517,0.192,10.3,26.6,12.9,10.2,0,NA,0.529,NA,NA,4,6.3,0.336,0.591,1.47
20,"2a","CUMS_Fluox","entrenamiento_1",1,"12/19/2022","14:56",60,12.893,0.215,13.7,33.3,12.1,0.9,0,NA,0.628,NA,NA,1,12.9,0.275,0.072,3.23
21,"2a","CUMS_Fluox","entrenamiento_1",2,"12/19/2022","14:58",22.4,3.831,0.171,10.5,0,0,11.8,1,22.3,0.278,0.069,5.98,0,NA,0.608,NA,NA
22,"2a","CUMS_Fluox","entrenamiento_1",3,"12/19/2022","14:59",18.1,3.114,0.172,8.1,6.1,0,3.8,1,18.1,0.481,0.254,6.82,0,NA,0.367,NA,NA
23,"2a","CUMS_Fluox","entrenamiento_1",4,"12/19/2022","15:01",60,15.475,0.258,10.2,13.8,22.1,13.8,0,NA,0.461,NA,NA,0,NA,0.464,NA,NA
24,"3a","CUMS_Fluox","entrenamiento_1",1,"12/19/2022","15:03",32.5,7.394,0.227,10.6,7.1,2.9,12,1,32.5,0.39,0.043,12.45,1,20.1,0.501,0.167,8.49
25,"3a","CUMS_Fluox","entrenamiento_1",2,"12/19/2022","15:04",39.9,8.315,0.208,11.1,7.3,7.1,14.4,1,39.9,0.366,0.096,13.02,0,NA,0.508,NA,NA
26,"3a","CUMS_Fluox","entrenamiento_1",3,"12/19/2022","15:05",12.5,2.412,0.193,1.7,3.2,6.6,1,1,12.5,0.397,0.155,5.13,0,NA,0.454,NA,NA
27,"3a","CUMS_Fluox","entrenamiento_1",4,"12/19/2022","15:06",10,1.646,0.164,4.4,0,0.9,4.8,1,10,0.274,0.154,2.53,0,NA,0.618,NA,NA
28,"4a","CUMS_Fluox","entrenamiento_1",1,"12/19/2022","15:07",60,12.244,0.204,20.6,28.1,7.7,3.6,0,NA,0.647,NA,NA,0,NA,0.336,NA,NA
29,"4a","CUMS_Fluox","entrenamiento_1",2,"12/19/2022","15:10",6.5,0.939,0.145,1.6,0,0,4.8,1,6.5,0.207,0.381,0.84,0,NA,0.78,NA,NA
30,"4a","CUMS_Fluox","entrenamiento_1",3,"12/19/2022","15:11",44.3,8.541,0.193,12.9,5.5,12.3,13.6,1,44.3,0.39,0.073,17.13,0,NA,0.537,NA,NA
31,"4a","CUMS_Fluox","entrenamiento_1",4,"12/19/2022","15:12",4.4,0.537,0.121,0,0,0,4.4,1,4.4,0.231,0.572,0.6,0,NA,0.801,NA,NA
60,"1-2","CUMS_Fluox","entrenamiento_1",1,"12/19/2022","16:02",60,13.927,0.232,18.6,20.7,10.2,10.4,0,NA,0.568,NA,NA,1,58.1,0.454,0.01,26.7
61,"1-2","CUMS_Fluox","entrenamiento_1",2,"12/19/2022","16:03",39.9,8.749,0.219,11,6.1,8.9,14,1,39.9,0.401,0.038,15.75,0,NA,0.537,NA,NA
62,"1-2","CUMS_Fluox","entrenamiento_1",3,"12/19/2022","16:04",6,1.501,0.248,1.5,0,0,4.5,1,6,0.184,0.227,1.02,0,NA,0.728,NA,NA
63,"1-2","CUMS_Fluox","entrenamiento_1",4,"12/19/2022","16:05",14.6,2.775,0.19,4.4,0.4,4.9,4.9,1,14.6,0.344,0.147,4.57,0,NA,0.631,NA,NA
64,"2-2","CUMS_Fluox","entrenamiento_1",1,"12/19/2022","16:07",7,1.307,0.187,0,2.9,2.2,1.9,1,7,0.445,0.515,1.8,0,NA,0.406,NA,NA
65,"2-2","CUMS_Fluox","entrenamiento_1",2,"12/19/2022","16:08",3.8,0.721,0.19,1.9,0,0,1.9,1,3.8,0.236,0.492,0.51,0,NA,0.552,NA,NA
66,"2-2","CUMS_Fluox","entrenamiento_1",3,"12/19/2022","16:08",60,14.841,0.247,15.5,9.4,16.6,18.4,0,NA,0.436,NA,NA,0,NA,0.492,NA,NA
67,"2-2","CUMS_Fluox","entrenamiento_1",4,"12/19/2022","16:10",16.7,3.237,0.193,2.6,2.1,1,11,1,16.7,0.232,0.107,3.56,0,NA,0.543,NA,NA
68,"3-2","CUMS_Fluox","entrenamiento_1",1,"12/19/2022","16:11",9.6,1.947,0.204,3.9,4,1,0.7,1,9.5,0.595,0.426,3.95,1,3.8,0.312,0.514,0.58
69,"3-2","CUMS_Fluox","entrenamiento_1",2,"12/19/2022","16:12",6.3,1.458,0.23,2.4,0,0,4,1,6.3,0.295,0.472,0.79,0,NA,0.591,NA,NA
70,"3-2","CUMS_Fluox","entrenamiento_1",3,"12/19/2022","16:12",51.8,11.145,0.215,7.2,9.4,11.4,23.9,1,51.7,0.378,0.027,19.55,1,10.1,0.557,0.267,4.36
71,"3-2","CUMS_Fluox","entrenamiento_1",4,"12/19/2022","16:13",5.5,0.733,0.133,0,0,1.7,3.8,1,5.5,0.27,0.54,0.87,0,NA,0.744,NA,NA
72,"4-2","CUMS_Fluox","entrenamiento_1",1,"12/19/2022","16:15",60,13.928,0.232,9.4,19.8,23,7.7,0,NA,0.525,NA,NA,1,56.3,0.41,0.023,23.3
73,"4-2","CUMS_Fluox","entrenamiento_1",2,"12/19/2022","16:17",54,11.318,0.21,8.1,10.7,12,23.2,1,53.9,0.393,0.031,20.94,0,NA,0.525,NA,NA
74,"4-2","CUMS_Fluox","entrenamiento_1",3,"12/19/2022","16:18",53.4,9.945,0.186,9.4,4.2,13.3,26.5,1,53.4,0.311,0.033,16.34,1,39.1,0.577,0.104,20.9
75,"4-2","CUMS_Fluox","entrenamiento_1",4,"12/19/2022","16:20",40.3,6.464,0.16,2.8,0,15.4,22.1,1,40.3,0.292,0.053,11.36,0,NA,0.695,NA,NA
92,"1b","CUMS_ctrl","entrenamiento_2",1,"12/20/2022","15:02",4.5,0.776,0.173,1.5,0,0,2.9,1,4.5,0.228,0.34,0.8,0,NA,0.668,NA,NA
93,"1b","CUMS_ctrl","entrenamiento_2",2,"12/20/2022","15:02",22.7,5.077,0.224,2.9,5.9,4.9,9,1,22.7,0.399,0.153,7.66,0,NA,0.492,NA,NA
94,"1b","CUMS_ctrl","entrenamiento_2",3,"12/20/2022","15:03",2,0.279,0.136,0,0,0.5,1.5,1,2,0.141,0.907,0.04,0,NA,0.664,NA,NA
95,"1b","CUMS_ctrl","entrenamiento_2",4,"12/20/2022","15:04",25.8,5.866,0.227,8.5,4.8,6.4,6.1,1,25.8,0.483,0.115,11.4,0,NA,0.474,NA,NA
96,"2b","CUMS_ctrl","entrenamiento_2",1,"12/20/2022","15:07",3.7,0.689,0.186,1,0,0,2.7,1,3.7,0.175,0.384,0.44,0,NA,0.562,NA,NA
97,"2b","CUMS_ctrl","entrenamiento_2",2,"12/20/2022","15:07",8.3,2.03,0.245,4.2,2,1.2,1,1,8.3,0.496,0.384,2.82,1,2.2,0.37,0.843,0.2
98,"2b","CUMS_ctrl","entrenamiento_2",3,"12/20/2022","15:08",1.9,0.368,0.196,0,0,0,1.9,1,1.9,0.193,0.799,0.12,0,NA,0.82,NA,NA
99,"2b","CUMS_ctrl","entrenamiento_2",4,"12/20/2022","15:08",16.9,3.932,0.233,1.2,4.1,3.2,8.4,1,16.9,0.354,0.189,4.73,0,NA,0.444,NA,NA
100,"3b","CUMS_ctrl","entrenamiento_2",1,"12/20/2022","15:09",37,10.119,0.273,9.5,11,4.7,11.8,1,37,0.384,0.033,14,2,13.3,0.387,0.17,4.98
101,"3b","CUMS_ctrl","entrenamiento_2",2,"12/20/2022","15:10",8.1,2.217,0.275,2.9,0,2.5,2.6,1,8,0.329,0.3,1.81,0,NA,0.504,NA,NA
102,"3b","CUMS_ctrl","entrenamiento_2",3,"12/20/2022","15:12",3.3,0.738,0.226,0.9,0,0.2,2.2,1,3.2,0.188,0.259,0.52,0,NA,0.467,NA,NA
103,"3b","CUMS_ctrl","entrenamiento_2",4,"12/20/2022","15:12",23.1,5.441,0.235,2.6,5.4,2.1,13.1,1,23.1,0.318,0.137,6.13,0,NA,0.524,NA,NA
104,"1-1","CUMS_ctrl","entrenamiento_2",1,"12/20/2022","15:15",33.1,7.755,0.234,9.5,6.2,4.1,13.4,1,33.1,0.393,0.042,12.75,1,26.9,0.52,0.091,12.93
105,"1-1","CUMS_ctrl","entrenamiento_2",2,"12/20/2022","15:16",6.2,1.31,0.21,0,1.4,1.6,3.3,1,6.2,0.327,0.544,0.79,0,NA,0.457,NA,NA
106,"1-1","CUMS_ctrl","entrenamiento_2",3,"12/20/2022","15:17",21.8,3.964,0.182,1.6,3.6,4.3,12.3,1,21.8,0.271,0.044,5.8,1,9.1,0.482,0.399,2.17
107,"1-1","CUMS_ctrl","entrenamiento_2",4,"12/20/2022","15:18",12.5,2.163,0.174,2,5.4,0.2,4.9,1,12.5,0.42,0.363,3.38,0,NA,0.384,NA,NA
108,"2-1","CUMS_ctrl","entrenamiento_2",1,"12/20/2022","15:21",16.1,3.497,0.217,3,3.2,2.7,7.2,1,16.1,0.338,0.097,5.17,0,NA,0.512,NA,NA
109,"2-1","CUMS_ctrl","entrenamiento_2",2,"12/20/2022","15:22",3.3,0.735,0.222,0,0,2.5,0.8,1,3.3,0.399,0.949,0.2,0,NA,0.353,NA,NA
110,"2-1","CUMS_ctrl","entrenamiento_2",3,"12/20/2022","15:22",60,12.731,0.212,7.6,9.5,20.9,22,0,NA,0.377,NA,NA,1,34.8,0.503,0.096,17.72
111,"2-1","CUMS_ctrl","entrenamiento_2",4,"12/20/2022","15:25",8.8,1.331,0.151,2.4,4.4,0,2,1,8.8,0.444,0.489,2.47,1,2.5,0.262,0.832,0.17
112,"3-1","CUMS_ctrl","entrenamiento_2",1,"12/20/2022","15:27",11.5,2.701,0.235,2,0,0,9.4,1,11.5,0.176,0.108,1.82,0,NA,0.666,NA,NA
113,"3-1","CUMS_ctrl","entrenamiento_2",2,"12/20/2022","15:27",3.4,0.866,0.255,0,0,2.5,0.9,1,3.4,0.393,0.784,0.38,0,NA,0.468,NA,NA
114,"3-1","CUMS_ctrl","entrenamiento_2",3,"12/20/2022","15:28",16,3.938,0.247,3,3.3,6.4,3.3,1,15.9,0.433,0.121,6.42,0,NA,0.439,NA,NA
115,"3-1","CUMS_ctrl","entrenamiento_2",4,"12/20/2022","15:28",5.3,1.277,0.239,0,1.8,0.7,2.9,1,5.3,0.304,0.555,0.51,0,NA,0.46,NA,NA
116,"4-1","CUMS_ctrl","entrenamiento_2",1,"12/20/2022","15:30",3.6,0.754,0.209,2.8,0,0,0.8,1,3.6,0.32,0.514,0.79,0,NA,0.539,NA,NA
117,"4-1","CUMS_ctrl","entrenamiento_2",2,"12/20/2022","15:30",52.3,13.287,0.254,16.6,12.6,6.4,16.6,1,52.3,0.427,0.058,21.09,2,1.1,0.493,0.995,0.05
118,"4-1","CUMS_ctrl","entrenamiento_2",3,"12/20/2022","15:31",14.4,3.319,0.23,5.5,2.5,2.2,4.2,1,14.4,0.393,0.118,5.31,1,2.9,0.457,0.811,0.33
119,"4-1","CUMS_ctrl","entrenamiento_2",4,"12/20/2022","15:32",2.9,0.591,0.2,1.8,0,0,1.1,1,2.9,0.291,0.888,0.13,0,NA,0.422,NA,NA
76,"1a","CUMS_Fluox","entrenamiento_2",1,"12/20/2022","14:42",21.3,4.89,0.23,5.4,3.1,3.1,9.7,1,21.3,0.284,0.072,5.75,1,10.8,0.518,0.347,4.23
77,"1a","CUMS_Fluox","entrenamiento_2",2,"12/20/2022","14:43",8.2,1.98,0.24,0,3,4,1.2,1,8.2,0.4,0.215,2.86,0,NA,0.398,NA,NA
78,"1a","CUMS_Fluox","entrenamiento_2",3,"12/20/2022","14:44",1.6,0.229,0.146,0,0,0,1.6,1,1.6,0.138,0.963,0.04,0,NA,0.687,NA,NA
79,"1a","CUMS_Fluox","entrenamiento_2",4,"12/20/2022","14:44",26.7,6.08,0.227,9.6,5.9,0,11.3,1,26.7,0.355,0.105,8.54,2,10.6,0.511,0.188,4.79
80,"2a","CUMS_Fluox","entrenamiento_2",1,"12/20/2022","14:48",60,15.564,0.259,12.5,12.2,15.6,19.7,0,NA,0.37,NA,NA,3,19.3,0.477,0.05,9.53
81,"2a","CUMS_Fluox","entrenamiento_2",2,"12/20/2022","14:50",30.6,6.114,0.2,5.6,5.1,8.5,11.5,1,30.6,0.298,0.054,8.83,0,NA,0.496,NA,NA
82,"2a","CUMS_Fluox","entrenamiento_2",3,"12/20/2022","14:51",11.2,2.137,0.19,3.1,3.2,2.1,2.9,1,11.2,0.377,0.31,3.03,0,NA,0.361,NA,NA
83,"2a","CUMS_Fluox","entrenamiento_2",4,"12/20/2022","14:51",16.3,3.027,0.185,3.3,1.3,3,8.8,1,16.3,0.244,0.088,3.78,0,NA,0.442,NA,NA
84,"3a","CUMS_Fluox","entrenamiento_2",1,"12/20/2022","14:53",3,0.333,0.11,0,0,0,3,1,3,0.167,0.611,0.29,0,NA,0.668,NA,NA
85,"3a","CUMS_Fluox","entrenamiento_2",2,"12/20/2022","14:53",5.5,1.366,0.247,0,1.8,2.5,1.2,1,5.5,0.498,0.576,1.44,0,NA,0.436,NA,NA
86,"3a","CUMS_Fluox","entrenamiento_2",3,"12/20/2022","14:54",3.4,0.818,0.241,1.4,0,1,1,1,3.4,0.24,0.4,0.58,0,NA,0.449,NA,NA
87,"3a","CUMS_Fluox","entrenamiento_2",4,"12/20/2022","14:54",6.4,1.525,0.239,0,2.9,2,1.6,1,6.4,0.453,0.485,1.68,1,1.5,0.386,0.943,0.09
88,"4a","CUMS_Fluox","entrenamiento_2",1,"12/20/2022","14:56",1.8,0.264,0.15,0,0,0,1.8,1,1.7,0.17,0.89,0.12,0,NA,0.647,NA,NA
89,"4a","CUMS_Fluox","entrenamiento_2",2,"12/20/2022","14:57",60,16.257,0.271,12.3,16.5,14.7,16.5,0,NA,0.433,NA,NA,1,10.2,0.491,0.067,4.69
90,"4a","CUMS_Fluox","entrenamiento_2",3,"12/20/2022","14:58",20.3,4.116,0.203,0,4.5,7.1,8.7,1,20.3,0.374,0.087,7.24,0,NA,0.501,NA,NA
91,"4a","CUMS_Fluox","entrenamiento_2",4,"12/20/2022","14:59",3.8,0.789,0.206,3,0,0,0.8,1,3.8,0.385,0.823,0.38,0,NA,0.411,NA,NA
120,"1-2","CUMS_Fluox","entrenamiento_2",1,"12/20/2022","15:36",6,0.643,0.107,3.7,0,0,2.3,1,6,0.235,0.489,0.88,0,NA,0.612,NA,NA
121,"1-2","CUMS_Fluox","entrenamiento_2",2,"12/20/2022","15:36",8.4,1.254,0.148,0,2.5,1.8,4.2,1,8.4,0.334,0.624,0.73,0,NA,0.455,NA,NA
122,"1-2","CUMS_Fluox","entrenamiento_2",3,"12/20/2022","15:37",7.6,1.827,0.242,3.4,0.7,2.3,1.2,1,7.5,0.393,0.18,2.71,0,NA,0.428,NA,NA
123,"1-2","CUMS_Fluox","entrenamiento_2",4,"12/20/2022","15:37",5.4,0.963,0.178,2,1.7,0,1.7,1,5.4,0.38,0.759,0.47,0,NA,0.375,NA,NA
124,"2-2","CUMS_Fluox","entrenamiento_2",1,"12/20/2022","15:40",4.5,0.924,0.205,0,0,0,4.5,1,4.5,0.2,0.364,0.6,0,NA,0.802,NA,NA
125,"2-2","CUMS_Fluox","entrenamiento_2",2,"12/20/2022","15:40",4.2,1.048,0.252,0.3,3.1,0,0.8,1,4.1,0.533,0.76,0.9,0,NA,0.207,NA,NA
126,"2-2","CUMS_Fluox","entrenamiento_2",3,"12/20/2022","15:41",4.7,0.975,0.206,0,0,3.8,0.9,1,4.7,0.383,0.414,1.37,0,NA,0.531,NA,NA
127,"2-2","CUMS_Fluox","entrenamiento_2",4,"12/20/2022","15:41",2.4,0.627,0.258,1.7,0,0,0.7,1,2.4,0.375,0.999,0.12,0,NA,0.382,NA,NA
128,"3-2","CUMS_Fluox","entrenamiento_2",1,"12/20/2022","15:43",43.6,9.224,0.211,15.6,9.1,3.7,15.2,1,43.6,0.44,0.032,18.97,1,32,0.526,0.092,15.62
129,"3-2","CUMS_Fluox","entrenamiento_2",2,"12/20/2022","15:44",36.8,6.963,0.189,10.4,6,9.1,11.3,1,36.8,0.329,0.113,10.4,0,NA,0.427,NA,NA
130,"3-2","CUMS_Fluox","entrenamiento_2",3,"12/20/2022","15:45",6.2,0.735,0.118,0,0,2,4.2,1,6.2,0.253,0.444,1.08,0,NA,0.714,NA,NA
131,"3-2","CUMS_Fluox","entrenamiento_2",4,"12/20/2022","15:45",13.1,2.596,0.198,0,5.5,0.2,7.4,1,13.1,0.34,0.274,3.14,2,1.2,0.416,0.865,0.03
132,"4-2","CUMS_Fluox","entrenamiento_2",1,"12/20/2022","15:46",8.5,1.99,0.235,1.5,0,1.4,5.5,1,8.5,0.176,0.171,1.23,0,NA,0.594,NA,NA
133,"4-2","CUMS_Fluox","entrenamiento_2",2,"12/20/2022","15:47",8.3,1.893,0.229,0,5.2,1.4,1.7,1,8.2,0.49,0.327,3.17,1,2.7,0.217,0.511,0.19
134,"4-2","CUMS_Fluox","entrenamiento_2",3,"12/20/2022","15:47",25.1,5.698,0.227,6.5,1.5,7.7,9.5,1,25.1,0.331,0.038,8.19,0,NA,0.532,NA,NA
135,"4-2","CUMS_Fluox","entrenamiento_2",4,"12/20/2022","15:48",6.5,1.28,0.198,4.3,0,0,2.2,1,6.5,0.384,0.487,1.47,0,NA,0.59,NA,NA
152,"1b","CUMS_ctrl","entrenamiento_3",1,"12/21/2022","14:16",8.9,1.864,0.208,0,3.6,4.5,0.9,1,8.9,0.46,0.397,2.76,1,2.4,0.328,0.636,0.09
153,"1b","CUMS_ctrl","entrenamiento_3",2,"12/21/2022","14:16",3.8,0.899,0.234,1.6,1.5,0,0.7,1,3.8,0.496,0.787,0.82,0,NA,0.327,NA,NA
154,"1b","CUMS_ctrl","entrenamiento_3",3,"12/21/2022","14:16",2.1,0.293,0.137,0,0,0,2.1,1,2.1,0.184,0.937,0.04,0,NA,0.689,NA,NA
155,"1b","CUMS_ctrl","entrenamiento_3",4,"12/21/2022","14:17",5.2,0.957,0.185,0.7,0,0,4.5,1,5.2,0.159,0.242,0.66,0,NA,0.62,NA,NA
156,"2b","CUMS_ctrl","entrenamiento_3",1,"12/21/2022","14:18",16.1,4.169,0.259,1.8,4,3.7,6.7,1,16.1,0.374,0.139,5.33,1,11.7,0.454,0.093,5.27
157,"2b","CUMS_ctrl","entrenamiento_3",2,"12/21/2022","14:19",2.4,0.75,0.317,1.1,0.6,0,0.7,1,2.4,0.394,0.896,0.17,0,NA,0.36,NA,NA
158,"2b","CUMS_ctrl","entrenamiento_3",3,"12/21/2022","14:20",9.4,2.19,0.234,2.5,3.2,0.1,3.6,1,9.3,0.378,0.157,3.25,0,NA,0.394,NA,NA
159,"2b","CUMS_ctrl","entrenamiento_3",4,"12/21/2022","14:20",23.2,5.199,0.224,9.2,4.9,2.4,6.7,1,23.1,0.349,0.071,7.76,1,19.8,0.391,0.148,6.84
160,"3b","CUMS_ctrl","entrenamiento_3",1,"12/21/2022","14:22",20.6,4.695,0.228,9.2,4.2,1.8,5.5,1,20.6,0.374,0.103,7.15,0,NA,0.45,NA,NA
161,"3b","CUMS_ctrl","entrenamiento_3",2,"12/21/2022","14:22",17.6,4.232,0.24,3.4,3.9,4.4,5.9,1,17.6,0.369,0.169,5.39,0,NA,0.402,NA,NA
162,"3b","CUMS_ctrl","entrenamiento_3",3,"12/21/2022","14:23",22.1,4.398,0.199,3.8,2.7,0.8,14.8,1,22.1,0.267,0.062,5.7,0,NA,0.567,NA,NA
163,"3b","CUMS_ctrl","entrenamiento_3",4,"12/21/2022","14:24",7.6,1.369,0.18,0,0,2.5,5.1,1,7.6,0.159,0.218,0.94,0,NA,0.609,NA,NA
164,"1-1","CUMS_ctrl","entrenamiento_3",1,"12/21/2022","14:27",49.6,9.15,0.184,7.5,7.3,12.5,22.3,1,49.6,0.341,0.081,15.38,1,2.6,0.526,0.931,0.2
165,"1-1","CUMS_ctrl","entrenamiento_3",2,"12/21/2022","14:28",33.3,6.343,0.19,8.5,6,9.5,9.3,1,33.3,0.382,0.105,11.52,0,NA,0.422,NA,NA
166,"1-1","CUMS_ctrl","entrenamiento_3",3,"12/21/2022","14:29",28,5.204,0.186,2.7,6.9,8.5,9.8,1,28,0.376,0.056,10.25,1,23.8,0.451,0.179,9.33
167,"1-1","CUMS_ctrl","entrenamiento_3",4,"12/21/2022","14:30",2.1,0.27,0.129,0,0,0,2.1,1,2.1,0.126,0.905,0.03,0,NA,0.626,NA,NA
168,"2-1","CUMS_ctrl","entrenamiento_3",1,"12/21/2022","14:33",15.2,3.349,0.22,0.1,3.4,6,5.7,1,15.2,0.376,0.145,5.15,0,NA,0.425,NA,NA
169,"2-1","CUMS_ctrl","entrenamiento_3",2,"12/21/2022","14:33",41.1,9.39,0.229,11.3,4.9,8.6,16.3,1,41.1,0.372,0.066,14.4,0,NA,0.522,NA,NA
170,"2-1","CUMS_ctrl","entrenamiento_3",3,"12/21/2022","14:34",4.1,0.459,0.112,0,0,0,4.1,1,4.1,0.131,0.457,0.29,0,NA,0.783,NA,NA
171,"2-1","CUMS_ctrl","entrenamiento_3",4,"12/21/2022","14:35",5.9,0.933,0.159,0,0,1.8,4.1,1,5.9,0.15,0.377,0.48,0,NA,0.629,NA,NA
172,"3-1","CUMS_ctrl","entrenamiento_3",1,"12/21/2022","14:35",33.8,8.097,0.239,9.3,8.4,6.5,9.6,1,33.8,0.435,0.088,13.59,2,1.8,0.476,0.833,0.05
173,"3-1","CUMS_ctrl","entrenamiento_3",2,"12/21/2022","14:36",39.9,8.072,0.202,6.6,13.2,6,14.1,1,39.9,0.376,0.094,13.51,2,24.2,0.409,0.065,8.54
174,"3-1","CUMS_ctrl","entrenamiento_3",3,"12/21/2022","14:37",1.6,0.26,0.16,0,0,0,1.6,1,1.6,0.149,0.889,0.07,0,NA,0.744,NA,NA
175,"3-1","CUMS_ctrl","entrenamiento_3",4,"12/21/2022","14:38",12.7,2.7,0.212,3.4,3.5,3.3,2.5,1,12.7,0.509,0.107,6.25,0,NA,0.436,NA,NA
176,"4-1","CUMS_ctrl","entrenamiento_3",1,"12/21/2022","14:39",4.5,2.574,0.567,0,1.3,1.9,1.3,1,4.5,0.428,0.264,1.43,0,NA,0.348,NA,NA
177,"4-1","CUMS_ctrl","entrenamiento_3",2,"12/21/2022","14:39",8.5,2.03,0.237,4.2,0.7,0,3.6,1,8.5,0.3,0.307,1.71,0,NA,0.492,NA,NA
178,"4-1","CUMS_ctrl","entrenamiento_3",3,"12/21/2022","14:40",18.3,3.788,0.207,6.1,0.1,2.2,9.9,1,18.3,0.223,0.089,3.79,0,NA,0.489,NA,NA
179,"4-1","CUMS_ctrl","entrenamiento_3",4,"12/21/2022","14:41",8,1.546,0.194,0.3,0,1.4,6.2,1,8,0.166,0.172,1.12,0,NA,0.602,NA,NA
136,"1a","CUMS_Fluox","entrenamiento_3",1,"12/21/2022","13:58",18.1,1.477,0.081,0,0.7,17,0.5,1,18.1,0.316,0.19,2.94,0,NA,0.323,NA,NA
137,"1a","CUMS_Fluox","entrenamiento_3",2,"12/21/2022","13:59",4.7,1.085,0.23,2.4,0,0,2.3,1,4.7,0.292,0.612,0.36,0,NA,0.459,NA,NA
138,"1a","CUMS_Fluox","entrenamiento_3",3,"12/21/2022","13:59",14.7,3.245,0.221,2.2,3.2,3.9,5.3,1,14.7,0.37,0.076,5.22,0,NA,0.403,NA,NA
139,"1a","CUMS_Fluox","entrenamiento_3",4,"12/21/2022","14:00",10.9,2.475,0.226,5.3,0,0.4,5.2,1,10.9,0.333,0.151,3.3,0,NA,0.498,NA,NA
140,"2a","CUMS_Fluox","entrenamiento_3",1,"12/21/2022","14:03",0.4,0,0,0,0,0,0.4,1,0,0,NA,NA,0,NA,0.605,NA,NA
141,"2a","CUMS_Fluox","entrenamiento_3",2,"12/21/2022","14:03",3.5,0.784,0.226,0.5,1.3,0.4,1.2,1,3.5,0.329,0.797,0.23,0,NA,0.319,NA,NA
142,"2a","CUMS_Fluox","entrenamiento_3",3,"12/21/2022","14:03",3.8,0.981,0.26,1,0,0,2.8,1,3.8,0.159,0.318,0.38,0,NA,0.685,NA,NA
143,"2a","CUMS_Fluox","entrenamiento_3",4,"12/21/2022","14:04",19.6,3.973,0.203,4.7,2.8,4.4,7.7,1,19.6,0.287,0.103,5.19,0,NA,0.397,NA,NA
144,"3a","CUMS_Fluox","entrenamiento_3",1,"12/21/2022","14:05",10.1,2.256,0.223,3.8,2.1,2.4,1.8,1,10.1,0.392,0.295,2.9,0,NA,0.301,NA,NA
145,"3a","CUMS_Fluox","entrenamiento_3",2,"12/21/2022","14:07",5.7,1.203,0.211,2,0,0,3.7,1,5.7,0.211,0.497,0.3,0,NA,0.591,NA,NA
146,"3a","CUMS_Fluox","entrenamiento_3",3,"12/21/2022","14:08",4.8,0.824,0.173,1.6,0,0,3.2,1,4.8,0.182,0.474,0.41,0,NA,0.716,NA,NA
147,"3a","CUMS_Fluox","entrenamiento_3",4,"12/21/2022","14:08",9.8,2.15,0.219,4.6,1,1.1,3.2,1,9.8,0.402,0.124,3.77,0,NA,0.475,NA,NA
148,"4a","CUMS_Fluox","entrenamiento_3",1,"12/21/2022","14:09",30.9,6.869,0.222,3.2,4.7,8.5,14.5,1,30.9,0.304,0.091,8.47,1,13.3,0.481,0.074,5.92
149,"4a","CUMS_Fluox","entrenamiento_3",2,"12/21/2022","14:10",3.7,0.848,0.228,0.6,1.4,0,1.8,1,3.7,0.303,0.721,0.24,0,NA,0.383,NA,NA
150,"4a","CUMS_Fluox","entrenamiento_3",3,"12/21/2022","14:10",9.2,1.518,0.164,0,0,1.3,7.9,1,9.2,0.19,0.182,1.42,0,NA,0.707,NA,NA
151,"4a","CUMS_Fluox","entrenamiento_3",4,"12/21/2022","14:11",5.5,1.137,0.207,0.4,0,1.7,3.3,1,5.5,0.208,0.345,0.74,0,NA,0.599,NA,NA
180,"1-2","CUMS_Fluox","entrenamiento_3",1,"12/21/2022","14:42",8.8,2.093,0.239,3.1,2.5,1.1,2.1,1,8.7,0.355,0.259,2.45,0,NA,0.356,NA,NA
181,"1-2","CUMS_Fluox","entrenamiento_3",2,"12/21/2022","14:42",7.9,1.583,0.201,0.7,4.3,0.3,2.6,1,7.9,0.435,0.443,2.15,0,NA,0.323,NA,NA
182,"1-2","CUMS_Fluox","entrenamiento_3",3,"12/21/2022","14:43",7.1,1.482,0.209,2.7,1.5,0.1,2.7,1,7.1,0.317,0.241,1.91,0,NA,0.456,NA,NA
183,"1-2","CUMS_Fluox","entrenamiento_3",4,"12/21/2022","14:43",1.9,0.3,0.157,0,0,0,1.9,1,1.9,0.184,0.963,0.08,0,NA,0.723,NA,NA
184,"2-2","CUMS_Fluox","entrenamiento_3",1,"12/21/2022","14:45",4.7,1.046,0.223,0,0,3.7,1,1,4.7,0.442,0.598,1.15,0,NA,0.403,NA,NA
185,"2-2","CUMS_Fluox","entrenamiento_3",2,"12/21/2022","14:46",5.9,1.157,0.197,4.9,0,0,1,1,5.9,0.393,0.467,1.51,0,NA,0.456,NA,NA
186,"2-2","CUMS_Fluox","entrenamiento_3",3,"12/21/2022","14:46",2.1,0.263,0.124,0,0,0,2.1,1,2.1,0.223,0.973,0.08,0,NA,0.803,NA,NA
187,"2-2","CUMS_Fluox","entrenamiento_3",4,"12/21/2022","14:47",4.9,1.016,0.206,1.3,0.3,1.8,1.5,1,4.9,0.245,0.324,0.92,0,NA,0.45,NA,NA
188,"3-2","CUMS_Fluox","entrenamiento_3",1,"12/21/2022","14:47",2.9,0.758,0.257,0,0.5,1.6,0.9,1,2.9,0.407,0.959,0.12,0,NA,0.372,NA,NA
189,"3-2","CUMS_Fluox","entrenamiento_3",2,"12/21/2022","14:48",6.2,1.583,0.257,1,2.1,0,3.1,1,6.1,0.339,0.498,0.85,1,1.1,0.467,0.903,0.05
190,"3-2","CUMS_Fluox","entrenamiento_3",3,"12/21/2022","14:48",3.1,0.418,0.136,2.2,0,0,0.9,1,3.1,0.281,0.795,0.35,0,NA,0.712,NA,NA
191,"3-2","CUMS_Fluox","entrenamiento_3",4,"12/21/2022","14:49",4.7,0.795,0.168,0,0,1.1,3.6,1,4.7,0.141,0.457,0.23,0,NA,0.674,NA,NA
192,"4-2","CUMS_Fluox","entrenamiento_3",1,"12/21/2022","14:49",60,13.058,0.218,12.8,13.9,15,18.4,0,NA,0.389,NA,NA,1,16.1,0.448,0.035,6.43
193,"4-2","CUMS_Fluox","entrenamiento_3",2,"12/21/2022","14:51",8.1,1.335,0.164,4.5,0,0,3.6,1,8.1,0.335,0.479,1.39,0,NA,0.495,NA,NA
194,"4-2","CUMS_Fluox","entrenamiento_3",3,"12/21/2022","14:51",6.4,0.97,0.15,1.4,0,0,5,1,6.4,0.155,0.325,0.65,0,NA,0.672,NA,NA
195,"4-2","CUMS_Fluox","entrenamiento_3",4,"12/21/2022","14:52",5.3,0.855,0.162,0,0,1.6,3.6,1,5.3,0.177,0.476,0.39,0,NA,0.567,NA,NA
212,"1b","CUMS_ctrl","entrenamiento_4",1,"12/22/2022","14:00",4.6,0.949,0.208,1,0,1.2,2.4,1,4.5,0.185,0.305,0.62,0,NA,0.55,NA,NA
213,"1b","CUMS_ctrl","entrenamiento_4",2,"12/22/2022","14:01",60,13.904,0.232,18.4,11.2,13.6,16.8,0,NA,0.397,NA,NA,0,NA,0.462,NA,NA
214,"1b","CUMS_ctrl","entrenamiento_4",3,"12/22/2022","14:02",5.5,2.243,0.404,2.6,0,0,3,1,5.5,0.279,0.214,1.36,0,NA,0.526,NA,NA
215,"1b","CUMS_ctrl","entrenamiento_4",4,"12/22/2022","14:03",11.7,2.285,0.196,5.2,1.9,1.4,3.2,1,11.7,0.396,0.241,3.81,0,NA,0.429,NA,NA
216,"2b","CUMS_ctrl","entrenamiento_4",1,"12/22/2022","14:05",1.3,0.197,0.154,0,0,0,1.3,1,1.3,0.074,0.579,0.05,0,NA,0.708,NA,NA
217,"2b","CUMS_ctrl","entrenamiento_4",2,"12/22/2022","14:05",2.7,0.616,0.227,0,0,0,2.7,1,2.7,0.128,0.275,0.26,0,NA,0.761,NA,NA
218,"2b","CUMS_ctrl","entrenamiento_4",3,"12/22/2022","14:06",2.4,0.531,0.222,0.3,1.2,0,0.9,1,2.4,0.312,0.963,0.08,0,NA,0.302,NA,NA
219,"2b","CUMS_ctrl","entrenamiento_4",4,"12/22/2022","14:06",5.6,1.301,0.234,2.8,1.9,0,0.9,1,5.5,0.372,0.489,1.13,0,NA,0.417,NA,NA
220,"3b","CUMS_ctrl","entrenamiento_4",1,"12/22/2022","14:08",18.5,5.138,0.277,3.2,3.7,3.1,8.5,1,18.5,0.294,0.056,5.27,1,5,0.461,0.407,1.71
221,"3b","CUMS_ctrl","entrenamiento_4",2,"12/22/2022","14:08",6,1.203,0.202,3,0,0,2.9,1,5.9,0.197,0.214,0.97,0,NA,0.627,NA,NA
222,"3b","CUMS_ctrl","entrenamiento_4",3,"12/22/2022","14:09",4,1.903,0.481,2,0.8,0,1.1,1,3.9,0.368,0.2,1.27,0,NA,0.43,NA,NA
223,"3b","CUMS_ctrl","entrenamiento_4",4,"12/22/2022","14:10",3.4,1.218,0.357,1,1,0.6,0.9,1,3.4,0.418,0.646,0.48,0,NA,0.33,NA,NA
224,"1-1","CUMS_ctrl","entrenamiento_4",1,"12/22/2022","14:13",25.7,5.41,0.21,5,1.8,4.2,14.8,1,25.7,0.271,0.037,6.87,0,NA,0.554,NA,NA
225,"1-1","CUMS_ctrl","entrenamiento_4",2,"12/22/2022","14:14",9.4,0.637,0.068,2.1,0,0,7.3,1,9.3,0.103,0.389,0.48,0,NA,0.627,NA,NA
226,"1-1","CUMS_ctrl","entrenamiento_4",3,"12/22/2022","14:15",9.8,1.158,0.118,2.3,1,1.1,5.4,1,9.8,0.228,0.482,0.89,0,NA,0.413,NA,NA
227,"1-1","CUMS_ctrl","entrenamiento_4",4,"12/22/2022","14:16",11.1,1.782,0.161,4.3,1.2,4.2,1.3,1,11.1,0.355,0.421,2.12,0,NA,0.404,NA,NA
228,"2-1","CUMS_ctrl","entrenamiento_4",1,"12/22/2022","14:18",2.6,0.369,0.14,0,0,0.7,1.9,1,2.6,0.165,0.74,0.12,0,NA,0.62,NA,NA
229,"2-1","CUMS_ctrl","entrenamiento_4",2,"12/22/2022","14:18",7.7,0.93,0.121,0,0,0,7.7,1,7.7,0.095,0.151,0.65,0,NA,0.598,NA,NA
230,"2-1","CUMS_ctrl","entrenamiento_4",3,"12/22/2022","14:19",10.3,2.564,0.249,2,0,2.5,5.8,1,10.3,0.226,0.18,1.91,0,NA,0.652,NA,NA
231,"2-1","CUMS_ctrl","entrenamiento_4",4,"12/22/2022","14:20",23.1,4.342,0.188,7,1.3,3.3,11.4,1,23.1,0.268,0.022,6.15,0,NA,0.532,NA,NA
232,"3-1","CUMS_ctrl","entrenamiento_4",1,"12/22/2022","14:21",11.1,1.788,0.161,1.3,0,3.4,6.4,1,11.1,0.186,0.228,1.52,0,NA,0.59,NA,NA
233,"3-1","CUMS_ctrl","entrenamiento_4",2,"12/22/2022","14:22",7.9,1.227,0.156,0.8,0,1.2,5.9,1,7.9,0.158,0.124,1.16,0,NA,0.638,NA,NA
234,"3-1","CUMS_ctrl","entrenamiento_4",3,"12/22/2022","14:22",11.6,3.187,0.274,4.1,1.4,1.2,5,1,11.6,0.312,0.129,3.33,1,1.2,0.564,0.739,0.4
235,"3-1","CUMS_ctrl","entrenamiento_4",4,"12/22/2022","14:23",3.8,0.721,0.189,0,0,2.5,1.3,1,3.8,0.317,0.852,0.16,0,NA,0.406,NA,NA
236,"4-1","CUMS_ctrl","entrenamiento_4",1,"12/22/2022","14:24",53.2,12.07,0.227,7.4,9.2,10.4,26.2,1,53.2,0.294,0.02,15.51,1,4.2,0.504,0.769,0.3
237,"4-1","CUMS_ctrl","entrenamiento_4",2,"12/22/2022","14:25",4.6,0.622,0.134,0,0,0,4.6,1,4.6,0.152,0.528,0.29,0,NA,0.702,NA,NA
238,"4-1","CUMS_ctrl","entrenamiento_4",3,"12/22/2022","14:25",4.4,0.88,0.199,2.5,0.7,0,1.2,1,4.4,0.42,0.785,0.65,0,NA,0.397,NA,NA
239,"4-1","CUMS_ctrl","entrenamiento_4",4,"12/22/2022","14:27",9.1,1.948,0.215,1.5,2.6,2.3,2.6,1,9.1,0.339,0.356,1.9,0,NA,0.37,NA,NA
196,"1a","CUMS_Fluox","entrenamiento_4",1,"12/22/2022","13:43",10.8,2.489,0.23,6.3,0,2.9,1.6,1,10.8,0.332,0.167,3.2,0,NA,0.483,NA,NA
197,"1a","CUMS_Fluox","entrenamiento_4",2,"12/22/2022","13:44",10.5,2.314,0.22,3.9,1.1,0.4,5.1,1,10.5,0.232,0.042,2.42,0,NA,0.497,NA,NA
198,"1a","CUMS_Fluox","entrenamiento_4",3,"12/22/2022","13:45",3.2,0.739,0.234,0.9,1.3,0,1,1,3.1,0.384,0.907,0.18,0,NA,0.308,NA,NA
199,"1a","CUMS_Fluox","entrenamiento_4",4,"12/22/2022","13:46",4.1,1.014,0.248,1.5,1.6,0,1,1,4.1,0.348,0.56,0.73,0,NA,0.376,NA,NA
200,"2a","CUMS_Fluox","entrenamiento_4",1,"12/22/2022","13:48",15.9,3.141,0.198,1.7,0.4,5.7,8,1,15.9,0.221,0.089,3.29,0,NA,0.472,NA,NA
201,"2a","CUMS_Fluox","entrenamiento_4",2,"12/22/2022","13:49",2,0.228,0.113,0,0,0,2,1,2,0.16,0.912,0.11,0,NA,0.631,NA,NA
202,"2a","CUMS_Fluox","entrenamiento_4",3,"12/22/2022","13:49",6.7,1.167,0.175,2.9,0,0,3.7,1,6.7,0.232,0.474,0.65,0,NA,0.422,NA,NA
203,"2a","CUMS_Fluox","entrenamiento_4",4,"12/22/2022","13:50",5.7,1.114,0.196,3.3,1.4,0,1,1,5.7,0.313,0.502,0.92,0,NA,0.349,NA,NA
204,"3a","CUMS_Fluox","entrenamiento_4",1,"12/22/2022","13:51",3.2,0.745,0.234,0.6,0.1,1.1,1.4,1,3.2,0.208,0.232,0.59,0,NA,0.43,NA,NA
205,"3a","CUMS_Fluox","entrenamiento_4",2,"12/22/2022","13:52",4.7,0.81,0.172,0,0,0,4.7,1,4.7,0.136,0.345,0.37,0,NA,0.723,NA,NA
206,"3a","CUMS_Fluox","entrenamiento_4",3,"12/22/2022","13:52",2.2,0.519,0.237,0.6,0.6,0,0.9,1,2.2,0.307,0.993,0.07,0,NA,0.325,NA,NA
207,"3a","CUMS_Fluox","entrenamiento_4",4,"12/22/2022","13:53",3,0.822,0.276,0,0,1.8,1.2,1,3,0.335,0.905,-0.08,0,NA,0.443,NA,NA
208,"4a","CUMS_Fluox","entrenamiento_4",1,"12/22/2022","13:55",25.7,5.82,0.226,3.6,2.7,14.4,5,1,25.7,0.37,0.067,9.15,0,NA,0.412,NA,NA
209,"4a","CUMS_Fluox","entrenamiento_4",2,"12/22/2022","13:55",1.8,0.124,0.067,0,0,0,1.8,1,1.8,0.033,0.311,0.04,0,NA,0.694,NA,NA
210,"4a","CUMS_Fluox","entrenamiento_4",3,"12/22/2022","13:56",4.9,1.398,0.283,2.2,0.7,0,2.1,1,4.9,0.268,0.292,1.09,0,NA,0.507,NA,NA
211,"4a","CUMS_Fluox","entrenamiento_4",4,"12/22/2022","13:56",6.6,1.551,0.234,1.4,3.9,0.4,0.9,1,6.6,0.515,0.424,2.42,0,NA,0.233,NA,NA
240,"1-2","CUMS_Fluox","entrenamiento_4",1,"12/22/2022","14:29",4.1,0.736,0.181,0,0,0,4.1,1,4,0.116,0.221,0.38,0,NA,0.719,NA,NA
241,"1-2","CUMS_Fluox","entrenamiento_4",2,"12/22/2022","14:30",3.3,0.745,0.224,2.5,0,0,0.8,1,3.3,0.288,0.414,0.7,0,NA,0.568,NA,NA
242,"1-2","CUMS_Fluox","entrenamiento_4",3,"12/22/2022","14:30",3.5,1.252,0.36,2,0,0,1.5,1,3.5,0.269,0.34,0.63,0,NA,0.494,NA,NA
243,"1-2","CUMS_Fluox","entrenamiento_4",4,"12/22/2022","14:31",9.4,1.654,0.175,0,1.2,2,6.3,1,9.4,0.218,0.389,0.84,0,NA,0.576,NA,NA
244,"2-2","CUMS_Fluox","entrenamiento_4",1,"12/22/2022","14:33",6.5,1.446,0.222,1.8,1,2.8,0.9,1,6.5,0.343,0.147,2.11,0,NA,0.39,NA,NA
245,"2-2","CUMS_Fluox","entrenamiento_4",2,"12/22/2022","14:34",12.3,2.474,0.201,0.1,1.3,2,9,1,12.3,0.239,0.082,2.83,0,NA,0.591,NA,NA
246,"2-2","CUMS_Fluox","entrenamiento_4",3,"12/22/2022","14:34",6.4,2.169,0.34,1.4,0.9,0,4.1,1,6.4,0.225,0.204,1.17,0,NA,0.552,NA,NA
247,"2-2","CUMS_Fluox","entrenamiento_4",4,"12/22/2022","14:36",60,9.222,0.154,11.8,6.3,14.2,27.7,0,NA,0.257,NA,NA,0,NA,0.466,NA,NA
248,"3-2","CUMS_Fluox","entrenamiento_4",1,"12/22/2022","14:39",2.5,0.429,0.17,0,0,1.1,1.4,1,2.5,0.219,0.86,0.12,0,NA,0.674,NA,NA
249,"3-2","CUMS_Fluox","entrenamiento_4",2,"12/22/2022","14:39",1.9,0.335,0.179,1.5,0,0,0.4,1,1.9,0.238,0.991,0.11,0,NA,0.608,NA,NA
250,"3-2","CUMS_Fluox","entrenamiento_4",3,"12/22/2022","14:40",6.2,1.18,0.192,1.6,0,1.1,3.4,1,6.1,0.241,0.377,0.92,0,NA,0.569,NA,NA
251,"3-2","CUMS_Fluox","entrenamiento_4",4,"12/22/2022","14:40",20.1,4.418,0.22,3,1.4,4.9,10.8,1,20.1,0.271,0.133,4.62,0,NA,0.571,NA,NA
252,"4-2","CUMS_Fluox","entrenamiento_4",1,"12/22/2022","14:42",2.5,0.374,0.152,0,0,1.5,1,1,2.4,0.176,0.661,0.22,0,NA,0.559,NA,NA
253,"4-2","CUMS_Fluox","entrenamiento_4",2,"12/22/2022","14:42",23.5,5.413,0.23,5.5,5.7,6.3,6.1,1,23.5,0.457,0.061,10.49,0,NA,0.468,NA,NA
254,"4-2","CUMS_Fluox","entrenamiento_4",3,"12/22/2022","14:43",18,3.196,0.178,2.6,1.8,5,8.7,1,18,0.248,0.209,3.16,0,NA,0.52,NA,NA
255,"4-2","CUMS_Fluox","entrenamiento_4",4,"12/22/2022","14:44",24.1,4.774,0.198,5,4.4,4.8,9.9,1,24.1,0.337,0.127,7.17,1,21.3,0.436,0.048,9.47
260,"1b","CUMS_ctrl","prueba_1",1,"12/23/2022","14:04",60,14.013,0.234,19.4,11.1,8.7,20.8,5,2.7,0.355,0.92,0.18,1,8.1,0.469,0.237,3.45
261,"2b","CUMS_ctrl","prueba_1",1,"12/23/2022","14:07",60,14.031,0.234,16.1,5.4,5,33.5,8,2.7,0.259,0.874,0.21,1,51.7,0.506,0.025,25.99
262,"3b","CUMS_ctrl","prueba_1",1,"12/23/2022","14:09",60,13.554,0.226,7.3,3.4,6.1,43.2,8,6.8,0.194,0.451,0.63,0,NA,0.576,NA,NA
263,"1-1","CUMS_ctrl","prueba_1",1,"12/23/2022","14:14",60,13.447,0.224,13.6,8.6,6.5,31.3,6,3.1,0.279,0.926,0.39,1,55.3,0.499,0.035,27.3
264,"2-1","CUMS_ctrl","prueba_1",1,"12/23/2022","14:15",60,13.573,0.226,14.7,7.9,15.5,21.8,3,10.3,0.302,0.235,2.24,0,NA,0.428,NA,NA
265,"3-1","CUMS_ctrl","prueba_1",1,"12/23/2022","14:17",60,13.026,0.217,13.8,0,3.2,43,9,6.9,0.214,0.478,0.77,0,NA,0.611,NA,NA
266,"4-1","CUMS_ctrl","prueba_1",1,"12/23/2022","14:18",60,13.193,0.22,12.1,5,8.6,34.3,8,2.5,0.262,0.934,0.16,0,NA,0.524,NA,NA
256,"1a","CUMS_Fluox","prueba_1",1,"12/23/2022","13:55",60,13.275,0.221,12.5,4.5,4.9,38.1,8,5,0.246,0.487,0.74,1,49.5,0.568,0.038,28.58
257,"2a","CUMS_Fluox","prueba_1",1,"12/23/2022","13:57",60,13.672,0.228,15.3,5.8,9.5,29.4,8,7.5,0.277,0.387,0.76,2,23.2,0.507,0.051,11.65
258,"3a","CUMS_Fluox","prueba_1",1,"12/23/2022","13:59",60,13.685,0.228,16.8,5.2,6.2,31.8,8,2.1,0.257,0.858,0.13,1,29.2,0.501,0.046,14.99
259,"4a","CUMS_Fluox","prueba_1",1,"12/23/2022","14:01",60,13.849,0.231,11.2,8.9,12.4,27.6,6,2.4,0.284,0.954,0.22,1,10.9,0.475,0.168,4.22
267,"1-2","CUMS_Fluox","prueba_1",1,"12/23/2022","14:21",60,10.236,0.171,12.6,4.1,6.2,37.2,3,16.7,0.233,0.309,2.62,0,NA,0.505,NA,NA
268,"2-2","CUMS_Fluox","prueba_1",1,"12/23/2022","14:24",60,12.347,0.206,6.4,5.3,14.4,34,7,3.2,0.254,0.819,0.35,1,56.2,0.536,0.06,29.12
269,"3-2","CUMS_Fluox","prueba_1",1,"12/23/2022","14:26",60,12.854,0.214,16.1,5.9,8.2,29.8,5,34.3,0.274,0.091,9.91,1,24.2,0.52,0.056,11.62
270,"4-2","CUMS_Fluox","prueba_1",1,"12/23/2022","14:28",60,12.344,0.206,10,6.3,13.8,29.9,3,7.7,0.267,0.42,0.7,2,35.9,0.516,0.035,17.99
275,"1b","CUMS_ctrl","prueba_2",1,"2/4/2023","15:09",60,10.83,0.181,14.5,10.4,16.9,18.2,1,4.3,0.394,0.785,0.59,0,NA,0.448,NA,NA
276,"2b","CUMS_ctrl","prueba_2",1,"2/4/2023","15:10",60,13.413,0.224,17.5,9.7,13.4,19.4,0,NA,0.413,NA,NA,1,25.4,0.566,0.043,14.22
277,"3b","CUMS_ctrl","prueba_2",1,"2/4/2023","15:12",60,12.639,0.211,13.7,5,4.2,37.2,3,18.3,0.247,0.193,3.97,0,NA,0.598,NA,NA
278,"1-1","CUMS_ctrl","prueba_2",1,"2/4/2023","15:14",60,14.355,0.239,11.5,8.8,11.1,28.5,5,3.5,0.339,0.811,0.63,0,NA,0.545,NA,NA
279,"2-1","CUMS_ctrl","prueba_2",1,"2/4/2023","15:16",60,11.578,0.193,8.4,9,15.5,27.2,2,24.6,0.339,0.139,9.04,1,1.4,0.564,0.9,0.06
280,"3-1","CUMS_ctrl","prueba_2",1,"2/4/2023","15:17",60,13.515,0.225,12.1,7.8,8.4,31.8,2,26.3,0.342,0.116,8.93,1,31.2,0.553,0.04,15.6
281,"4-1","CUMS_ctrl","prueba_2",1,"2/4/2023","15:18",60,14.034,0.234,9.5,14.4,14.3,21.8,2,30.8,0.397,0.1,13.22,2,2.6,0.49,0.752,0.4
271,"1a","CUMS_Fluox","prueba_2",1,"2/4/2023","15:00",60,14.656,0.244,12.4,6.7,16.7,24.2,2,40.3,0.377,0.068,16.24,1,7.5,0.57,0.139,3.19
272,"2a","CUMS_Fluox","prueba_2",1,"2/4/2023","15:02",60,16.042,0.267,13.5,11.7,14.3,20.6,2,27.5,0.382,0.086,10.5,3,10,0.468,0.032,4.87
273,"3a","CUMS_Fluox","prueba_2",1,"2/4/2023","15:03",60,15.587,0.26,10.5,14.4,19.9,15.2,1,28.9,0.488,0.096,13.48,2,33.7,0.485,0.025,17.33
274,"4a","CUMS_Fluox","prueba_2",1,"2/4/2023","15:05",60,13.125,0.219,7.9,8.3,15.7,28.1,4,21.3,0.359,0.14,7.85,0,NA,0.553,NA,NA
282,"1-2","CUMS_Fluox","prueba_2",1,"2/4/2023","15:21",60,12.133,0.202,15,15.5,14.6,14.9,0,NA,0.447,NA,NA,2,30,0.471,0.045,14.88
283,"2-2","CUMS_Fluox","prueba_2",1,"2/4/2023","15:24",60,11.566,0.193,6.3,7.8,10.6,35.4,3,34.8,0.317,0.095,12.48,0,NA,0.593,NA,NA
284,"3-2","CUMS_Fluox","prueba_2",1,"2/4/2023","15:25",60,12.345,0.206,8,10.1,22.5,19.4,2,26.5,0.434,0.141,11.33,0,NA,0.544,NA,NA
285,"4-2","CUMS_Fluox","prueba_2",1,"2/4/2023","15:26",60,14.404,0.24,17.5,14.9,8.9,18.7,1,35.7,0.494,0.083,17.45,1,41.4,0.538,0.028,22.91
302,"1b","CUMS_ctrl","entrenamiento_rev_1",1,"2/5/2023","15:00",60,11.461,0.191,9.6,7,13.5,30,5,6.3,0.289,0.497,0.89,0,NA,0.492,NA,NA
303,"1b","CUMS_ctrl","entrenamiento_rev_1",2,"2/5/2023","15:03",9.3,1.554,0.167,1.6,3.1,2.2,2.4,0,NA,0.359,NA,NA,1,9.3,0.355,0.521,1.29
304,"1b","CUMS_ctrl","entrenamiento_rev_1",3,"2/5/2023","15:04",11.9,1.85,0.156,2.8,1.9,1.7,5.5,1,5.1,0.316,0.709,0.38,1,11.9,0.427,0.149,4.81
305,"1b","CUMS_ctrl","entrenamiento_rev_1",4,"2/5/2023","15:05",6,0.996,0.165,0,2.8,1.8,1.5,0,NA,0.439,NA,NA,1,6,0.345,0.809,0.06
306,"2b","CUMS_ctrl","entrenamiento_rev_1",1,"2/5/2023","15:07",37.8,8.518,0.225,3.1,3.9,11.6,19.2,1,7.7,0.283,0.35,1.57,1,37.8,0.562,0.044,20.92
307,"2b","CUMS_ctrl","entrenamiento_rev_1",2,"2/5/2023","15:09",12.3,2.956,0.24,0.5,1.8,4.4,5.7,0,NA,0.29,NA,NA,1,12.3,0.497,0.257,4.84
308,"2b","CUMS_ctrl","entrenamiento_rev_1",3,"2/5/2023","15:10",14.5,3.026,0.209,2.6,4.7,2.5,4.6,0,NA,0.328,NA,NA,1,14.5,0.366,0.083,5.13
309,"2b","CUMS_ctrl","entrenamiento_rev_1",4,"2/5/2023","15:11",8.6,1.545,0.179,0,4.6,0.6,3.5,0,NA,0.437,NA,NA,1,8.6,0.361,0.531,1.14
310,"3b","CUMS_ctrl","entrenamiento_rev_1",1,"2/5/2023","15:12",28.7,6.052,0.211,1.9,3.2,4.7,19,5,4.3,0.23,0.442,0.76,1,28.7,0.56,0.123,14.6
311,"3b","CUMS_ctrl","entrenamiento_rev_1",2,"2/5/2023","15:13",8,1.582,0.197,0.6,5.4,0,2.1,0,NA,0.52,NA,NA,1,8,0.257,0.449,0.7
312,"3b","CUMS_ctrl","entrenamiento_rev_1",3,"2/5/2023","15:15",57.5,12.218,0.213,9.9,20.5,2.7,24.5,4,18.2,0.359,0.187,6.45,1,57.4,0.391,0.019,22.34
313,"3b","CUMS_ctrl","entrenamiento_rev_1",4,"2/5/2023","15:17",16.1,2.925,0.182,3.8,8.7,0.1,3.4,1,2,0.43,0.879,0.15,1,16,0.306,0.28,3.02
314,"1-1","CUMS_ctrl","entrenamiento_rev_1",1,"2/5/2023","15:20",60,12.752,0.213,14.3,6.6,6.6,32.5,3,3.1,0.258,0.826,0.47,0,NA,0.528,NA,NA
315,"1-1","CUMS_ctrl","entrenamiento_rev_1",2,"2/5/2023","15:22",39.4,6.489,0.165,10.8,7.2,0,21.4,4,4.8,0.293,0.242,0.5,1,39.4,0.505,0.12,18
316,"1-1","CUMS_ctrl","entrenamiento_rev_1",3,"2/5/2023","15:24",17.9,3.578,0.2,3.7,6.1,1.8,6.3,1,12.7,0.377,0.263,4.58,1,17.9,0.39,0.11,6.55
317,"1-1","CUMS_ctrl","entrenamiento_rev_1",4,"2/5/2023","15:25",17,3.831,0.225,1.9,4.4,2.4,8.4,0,NA,0.333,NA,NA,1,17,0.48,0.217,6.59
318,"2-1","CUMS_ctrl","entrenamiento_rev_1",1,"2/5/2023","15:27",10.4,2.308,0.223,0.4,2.9,4.2,2.8,1,3.7,0.468,0.762,0.6,1,10.4,0.406,0.211,3.64
319,"2-1","CUMS_ctrl","entrenamiento_rev_1",2,"2/5/2023","15:28",7.6,1.481,0.196,1,2,1.4,3.1,1,1.7,0.34,0.92,0.08,1,7.5,0.387,0.523,1.34
320,"2-1","CUMS_ctrl","entrenamiento_rev_1",3,"2/5/2023","15:29",16.7,3.03,0.181,2.9,9.3,2.2,2.3,1,3.2,0.497,0.81,0.39,1,16.7,0.278,0.128,4.21
321,"2-1","CUMS_ctrl","entrenamiento_rev_1",4,"2/5/2023","15:30",15.9,2.77,0.174,1.4,10.9,0.6,3,0,NA,0.5,NA,NA,1,15.9,0.229,0.286,1.79
322,"3-1","CUMS_ctrl","entrenamiento_rev_1",1,"2/5/2023","15:31",60,13.942,0.232,7.8,11,16.2,25,2,15.4,0.355,0.102,3.9,0,NA,0.466,NA,NA
323,"3-1","CUMS_ctrl","entrenamiento_rev_1",2,"2/5/2023","15:34",5,0.99,0.199,1.4,0.8,0,2.8,0,NA,0.267,NA,NA,1,5,0.521,0.696,1.31
324,"3-1","CUMS_ctrl","entrenamiento_rev_1",3,"2/5/2023","15:35",8.2,1.815,0.221,3.6,3,0,1.6,0,NA,0.448,NA,NA,1,8.2,0.341,0.163,2.58
325,"3-1","CUMS_ctrl","entrenamiento_rev_1",4,"2/5/2023","15:35",9.6,1.794,0.187,3.6,1.2,1,3.8,0,NA,0.279,NA,NA,1,9.6,0.457,0.438,2.66
326,"4-1","CUMS_ctrl","entrenamiento_rev_1",1,"2/5/2023","15:37",60,14.058,0.234,10.6,6.3,14.6,28.4,0,NA,0.322,NA,NA,0,NA,0.535,NA,NA
327,"4-1","CUMS_ctrl","entrenamiento_rev_1",2,"2/5/2023","15:38",10,1.793,0.179,2.1,0.9,0,7,0,NA,0.249,NA,NA,1,10,0.528,0.446,3.47
328,"4-1","CUMS_ctrl","entrenamiento_rev_1",3,"2/5/2023","15:39",8.5,1.598,0.189,1.5,4.1,2.9,0,0,NA,0.533,NA,NA,1,8.4,0.21,0.205,1.46
329,"4-1","CUMS_ctrl","entrenamiento_rev_1",4,"2/5/2023","15:40",9.8,2.175,0.221,0,5.3,0.3,4.2,0,NA,0.44,NA,NA,1,9.8,0.368,0.391,1.93
286,"1a","CUMS_Fluox","entrenamiento_rev_1",1,"2/5/2023","14:29",60,15.68,0.261,5.1,11.8,19.5,23.6,4,7.9,0.394,0.332,2.23,0,NA,0.501,NA,NA
287,"1a","CUMS_Fluox","entrenamiento_rev_1",2,"2/5/2023","14:31",60,12.279,0.205,4.2,11.9,25.3,18.5,3,10.6,0.347,0.053,3.05,0,NA,0.42,NA,NA
288,"1a","CUMS_Fluox","entrenamiento_rev_1",3,"2/5/2023","14:33",10.7,2.111,0.197,3.1,3.8,2.5,1.3,0,NA,0.388,NA,NA,1,10.7,0.313,0.143,3.1
289,"1a","CUMS_Fluox","entrenamiento_rev_1",4,"2/5/2023","14:34",1.4,0.241,0.174,0,0.8,0.6,0,0,NA,0.505,NA,NA,1,1.4,0.144,0.847,0.05
290,"2a","CUMS_Fluox","entrenamiento_rev_1",1,"2/5/2023","14:47",1.1,0,0,0,0,0,0,0,NA,0,NA,NA,0,NA,0,NA,NA
291,"2a","CUMS_Fluox","entrenamiento_rev_1",2,"2/5/2023","14:47",0.9,0,0,0,0,0,0,0,NA,0,NA,NA,0,NA,0,NA,NA
292,"2a","CUMS_Fluox","entrenamiento_rev_1",3,"2/5/2023","14:47",0.9,0,0,0,0,0,0,0,NA,0,NA,NA,0,NA,0,NA,NA
293,"2a","CUMS_Fluox","entrenamiento_rev_1",4,"2/5/2023","14:47",1.1,0,0,0,0,0,0,0,NA,0,NA,NA,0,NA,0,NA,NA
294,"3a","CUMS_Fluox","entrenamiento_rev_1",1,"2/5/2023","14:48",58.4,13.388,0.229,9.9,2.8,14.7,31,4,18.3,0.271,0.104,4.68,1,58.4,0.557,0.024,32.28
295,"3a","CUMS_Fluox","entrenamiento_rev_1",2,"2/5/2023","14:50",21.6,4.865,0.226,5.8,1,3.7,11.1,0,NA,0.27,NA,NA,1,21.5,0.506,0.167,9.37
296,"3a","CUMS_Fluox","entrenamiento_rev_1",3,"2/5/2023","14:51",11.3,2.449,0.216,1.9,1.1,3.1,5.2,1,5.8,0.263,0.293,1.25,1,11.3,0.527,0.328,4.41
297,"3a","CUMS_Fluox","entrenamiento_rev_1",4,"2/5/2023","14:53",47.4,13.29,0.28,11,8.1,13.6,14.7,0,NA,0.406,NA,NA,1,47.4,0.505,0.037,23.51
298,"4a","CUMS_Fluox","entrenamiento_rev_1",1,"2/5/2023","14:55",23.6,5.497,0.232,4.4,4.8,4.7,9.7,0,NA,0.306,NA,NA,1,23.6,0.45,0.13,9.49
299,"4a","CUMS_Fluox","entrenamiento_rev_1",2,"2/5/2023","14:56",11,2.348,0.213,2,4.1,4.5,0.5,0,NA,0.515,NA,NA,1,11,0.305,0.305,2.1
300,"4a","CUMS_Fluox","entrenamiento_rev_1",3,"2/5/2023","14:57",0.1,0,0,0,0,0,0,0,NA,0,NA,NA,0,NA,0,NA,NA
301,"4a","CUMS_Fluox","entrenamiento_rev_1",4,"2/5/2023","14:57",7.8,1.659,0.212,1.4,2.8,1.4,2.2,1,2.4,0.411,0.903,0.16,1,7.8,0.385,0.4,1.91
330,"1-2","CUMS_Fluox","entrenamiento_rev_1",1,"2/5/2023","15:43",12,2.826,0.235,1.5,2.2,5.9,2.4,1,5.8,0.381,0.283,1.9,1,12,0.428,0.265,3.74
331,"1-2","CUMS_Fluox","entrenamiento_rev_1",2,"2/5/2023","15:44",5.4,1.062,0.196,0,1.2,1.6,2.6,1,1.6,0.296,0.806,0.09,1,5.4,0.448,0.721,0.88
332,"1-2","CUMS_Fluox","entrenamiento_rev_1",3,"2/5/2023","15:46",23.6,4.498,0.191,8,8.9,3.1,3.6,0,NA,0.437,NA,NA,1,23.6,0.334,0.099,7.33
333,"1-2","CUMS_Fluox","entrenamiento_rev_1",4,"2/5/2023","15:48",41.9,8.303,0.198,8.5,18.5,5.2,9.7,2,1.5,0.401,0.996,0.08,1,41.9,0.306,0.098,11.11
334,"2-2","CUMS_Fluox","entrenamiento_rev_1",1,"2/5/2023","15:49",60,10.57,0.176,3.4,2.8,31.5,22.3,1,6.3,0.321,0.357,0.86,0,NA,0.598,NA,NA
335,"2-2","CUMS_Fluox","entrenamiento_rev_1",2,"2/5/2023","15:53",60,9.069,0.151,5.4,8.6,11.8,34.3,4,14.7,0.268,0.154,2.27,0,NA,0.5,NA,NA
336,"2-2","CUMS_Fluox","entrenamiento_rev_1",3,"2/5/2023","15:56",11.7,2.025,0.173,5.7,1.4,0,4.6,1,3.8,0.31,0.886,0.42,1,11.7,0.455,0.187,4.89
337,"2-2","CUMS_Fluox","entrenamiento_rev_1",4,"2/5/2023","15:58",17.5,3.97,0.227,4.6,2.5,3.1,7.3,0,NA,0.335,NA,NA,1,17.4,0.508,0.187,7.16
338,"3-2","CUMS_Fluox","entrenamiento_rev_1",1,"2/5/2023","16:00",15.3,3.219,0.21,5.1,9,1.2,0,0,NA,0.593,NA,NA,1,15.3,0.25,0.229,2.48
339,"3-2","CUMS_Fluox","entrenamiento_rev_1",2,"2/5/2023","16:00",6.3,1.303,0.206,0.6,3.2,0,2.6,0,NA,0.458,NA,NA,1,6.3,0.353,0.566,0.86
340,"3-2","CUMS_Fluox","entrenamiento_rev_1",3,"2/5/2023","16:01",13.3,2.45,0.184,0,10.9,2.4,0,0,NA,0.663,NA,NA,1,13.3,0.146,0.099,1.76
341,"3-2","CUMS_Fluox","entrenamiento_rev_1",4,"2/5/2023","16:02",24.9,4.991,0.2,3.2,11.7,3.2,6.7,0,NA,0.464,NA,NA,1,24.9,0.382,0.162,7.82
342,"4-2","CUMS_Fluox","entrenamiento_rev_1",1,"2/5/2023","16:04",60,14.666,0.244,21.5,6.2,9.2,23.2,3,28.8,0.34,0.055,9.98,0,NA,0.523,NA,NA
343,"4-2","CUMS_Fluox","entrenamiento_rev_1",2,"2/5/2023","16:06",7.4,1.751,0.235,1.8,1.1,0,4.5,0,NA,0.313,NA,NA,1,7.4,0.487,0.424,2.41
344,"4-2","CUMS_Fluox","entrenamiento_rev_1",3,"2/5/2023","16:06",20.1,4.4,0.219,2.5,5.9,4.6,7.1,0,NA,0.396,NA,NA,1,20.1,0.416,0.098,7.91
345,"4-2","CUMS_Fluox","entrenamiento_rev_1",4,"2/5/2023","16:08",12.6,2.418,0.192,2.3,5.5,2.2,2.7,0,NA,0.412,NA,NA,1,12.6,0.331,0.352,2.25
362,"1b","CUMS_ctrl","entrenamiento_rev_2",1,"2/6/2023","15:53",18.2,4.261,0.234,3.6,2.9,5.1,6.6,0,NA,0.289,NA,NA,1,18.2,0.432,0.169,6.7
363,"1b","CUMS_ctrl","entrenamiento_rev_2",2,"2/6/2023","15:54",10,1.979,0.198,2,4.9,3.2,0,0,NA,0.563,NA,NA,1,10,0.237,0.189,1.99
364,"1b","CUMS_ctrl","entrenamiento_rev_2",3,"2/6/2023","15:54",16.1,3.221,0.2,4.1,7.3,2.1,2.7,0,NA,0.482,NA,NA,1,16.1,0.269,0.094,4.08
365,"1b","CUMS_ctrl","entrenamiento_rev_2",4,"2/6/2023","15:55",10.8,2,0.184,0.9,5.2,3.2,1.5,0,NA,0.494,NA,NA,1,10.8,0.252,0.197,2.29
366,"2b","CUMS_ctrl","entrenamiento_rev_2",1,"2/6/2023","15:56",60,13.35,0.223,16.7,0.7,7.9,34.8,5,1.7,0.26,0.796,0.16,0,NA,0.6,NA,NA
367,"2b","CUMS_ctrl","entrenamiento_rev_2",2,"2/6/2023","15:58",7.8,1.557,0.2,2.3,1,0,4.5,0,NA,0.309,NA,NA,1,7.8,0.502,0.476,2.5
368,"2b","CUMS_ctrl","entrenamiento_rev_2",3,"2/6/2023","15:59",12.5,2.006,0.161,4.1,5.1,1.8,1.5,0,NA,0.494,NA,NA,1,12.4,0.224,0.155,2.46
369,"2b","CUMS_ctrl","entrenamiento_rev_2",4,"2/6/2023","16:00",7.7,1.793,0.232,2.4,3.5,0.8,1,0,NA,0.461,NA,NA,1,7.7,0.272,0.167,1.89
370,"3b","CUMS_ctrl","entrenamiento_rev_2",1,"2/6/2023","16:01",3.8,0.88,0.232,1.3,0.8,0,1.7,0,NA,0.319,NA,NA,1,3.8,0.519,0.894,0.6
371,"3b","CUMS_ctrl","entrenamiento_rev_2",2,"2/6/2023","16:02",11.8,3.067,0.26,2.7,5,2.9,1.3,0,NA,0.537,NA,NA,1,11.8,0.338,0.276,2.57
372,"3b","CUMS_ctrl","entrenamiento_rev_2",3,"2/6/2023","16:03",2.7,0.738,0.271,2.2,0.5,0,0,0,NA,0.458,NA,NA,1,2.7,0.297,0.42,0.61
373,"3b","CUMS_ctrl","entrenamiento_rev_2",4,"2/6/2023","16:03",3.8,0.815,0.214,0,0.8,3,0,0,NA,0.364,NA,NA,1,3.8,0.317,0.383,0.96
374,"1-1","CUMS_ctrl","entrenamiento_rev_2",1,"2/6/2023","16:05",4.8,1.219,0.255,0.4,2.1,0,2.2,0,NA,0.394,NA,NA,1,4.8,0.386,0.648,0.59
375,"1-1","CUMS_ctrl","entrenamiento_rev_2",2,"2/6/2023","16:06",5.8,1.449,0.252,1.3,1.4,0,3,0,NA,0.332,NA,NA,1,5.7,0.534,0.595,1.55
376,"1-1","CUMS_ctrl","entrenamiento_rev_2",3,"2/6/2023","16:06",12.4,3.224,0.259,3.5,2.9,2.5,3.5,1,10.4,0.375,0.225,3.29,1,12.4,0.441,0.125,5.15
377,"1-1","CUMS_ctrl","entrenamiento_rev_2",4,"2/6/2023","16:07",14.9,3.648,0.245,1.8,4.6,3.3,5.2,0,NA,0.384,NA,NA,1,14.9,0.389,0.104,5.48
378,"2-1","CUMS_ctrl","entrenamiento_rev_2",1,"2/6/2023","16:09",6.8,1.24,0.182,0.3,4.3,0,2.2,0,NA,0.499,NA,NA,1,6.8,0.263,0.609,0.19
379,"2-1","CUMS_ctrl","entrenamiento_rev_2",2,"2/6/2023","16:10",11.7,1.974,0.169,0,5.4,2.8,3.4,0,NA,0.394,NA,NA,1,11.7,0.296,0.432,1.17
380,"2-1","CUMS_ctrl","entrenamiento_rev_2",3,"2/6/2023","16:13",33,5.238,0.159,1.7,20.5,6.5,4.3,0,NA,0.51,NA,NA,1,32.9,0.24,0.077,7.38
381,"2-1","CUMS_ctrl","entrenamiento_rev_2",4,"2/6/2023","16:14",2.3,0.358,0.156,0,0.7,1.6,0,0,NA,0.535,NA,NA,1,2.3,0.242,0.905,0.17
382,"3-1","CUMS_ctrl","entrenamiento_rev_2",1,"2/6/2023","16:15",4.3,1.061,0.248,0.1,1,0,3.1,1,2,0.243,0.786,0.1,1,4.3,0.525,0.71,1.07
383,"3-1","CUMS_ctrl","entrenamiento_rev_2",2,"2/6/2023","16:15",4.3,1.153,0.27,0.6,0.9,0,2.8,1,2,0.288,0.742,0.22,1,4.3,0.546,0.721,1
384,"3-1","CUMS_ctrl","entrenamiento_rev_2",3,"2/6/2023","16:16",4.5,0.998,0.222,3.7,0.8,0,0,0,NA,0.466,NA,NA,1,4.5,0.438,0.498,1.38
385,"3-1","CUMS_ctrl","entrenamiento_rev_2",4,"2/6/2023","16:16",24.5,5.412,0.22,3.1,9,5,7.5,0,NA,0.419,NA,NA,1,24.5,0.397,0.088,9.2
386,"4-1","CUMS_ctrl","entrenamiento_rev_2",1,"2/6/2023","16:18",6.3,0.701,0.111,3.1,3.2,0,0,0,NA,0.493,NA,NA,1,6.3,0.314,0.752,0.46
387,"4-1","CUMS_ctrl","entrenamiento_rev_2",2,"2/6/2023","16:19",7.7,1.738,0.225,0,3.8,0.9,3,1,2.6,0.423,0.69,0.29,1,7.7,0.414,0.457,1.74
388,"4-1","CUMS_ctrl","entrenamiento_rev_2",3,"2/6/2023","16:19",1.7,0.352,0.201,0.6,1.1,0,0,0,NA,0.695,NA,NA,1,1.7,0.209,0.9,0.09
389,"4-1","CUMS_ctrl","entrenamiento_rev_2",4,"2/6/2023","16:20",20.8,4.508,0.217,4.4,6.9,5.3,4.2,0,NA,0.383,NA,NA,1,20.8,0.339,0.105,6.49
346,"1a","CUMS_Fluox","entrenamiento_rev_2",1,"2/6/2023","15:31",60,13.801,0.23,1.1,3.9,23.9,31.1,7,1.4,0.269,0.953,0.1,0,NA,0.57,NA,NA
347,"1a","CUMS_Fluox","entrenamiento_rev_2",2,"2/6/2023","15:33",9.9,2.006,0.203,0.7,4.3,4.9,0,0,NA,0.423,NA,NA,1,9.9,0.276,0.386,1.2
348,"1a","CUMS_Fluox","entrenamiento_rev_2",3,"2/6/2023","15:34",19,3.579,0.188,1.6,7,4.9,5.5,1,5.6,0.42,0.459,0.82,1,19,0.377,0.087,6.88
349,"1a","CUMS_Fluox","entrenamiento_rev_2",4,"2/6/2023","15:35",15.5,2.64,0.17,0.9,3.3,7.9,3.4,1,4.6,0.397,0.627,0.9,1,15.5,0.317,0.137,4.52
350,"2a","CUMS_Fluox","entrenamiento_rev_2",1,"2/6/2023","15:37",5.3,1.104,0.207,2.1,3.2,0,0,0,NA,0.489,NA,NA,1,5.3,0.279,0.568,0.44
351,"2a","CUMS_Fluox","entrenamiento_rev_2",2,"2/6/2023","15:37",5.6,1.3,0.233,2,1,0,2.6,0,NA,0.334,NA,NA,1,5.6,0.515,0.656,1.27
352,"2a","CUMS_Fluox","entrenamiento_rev_2",3,"2/6/2023","15:38",11.7,2.504,0.214,0.9,5.2,2.3,3.3,1,8.7,0.444,0.393,3,1,11.7,0.321,0.076,3.65
353,"2a","CUMS_Fluox","entrenamiento_rev_2",4,"2/6/2023","15:39",11.4,2.469,0.217,0,7.4,4,0,0,NA,0.593,NA,NA,1,11.4,0.209,0.118,2.17
354,"3a","CUMS_Fluox","entrenamiento_rev_2",1,"2/6/2023","15:41",11.2,2.855,0.254,3.1,5.2,0.7,2.3,0,NA,0.459,NA,NA,1,11.2,0.308,0.245,2.46
355,"3a","CUMS_Fluox","entrenamiento_rev_2",2,"2/6/2023","15:42",12.8,3.518,0.275,1.7,3.8,4.3,3,0,NA,0.46,NA,NA,1,12.8,0.402,0.212,4.07
356,"3a","CUMS_Fluox","entrenamiento_rev_2",3,"2/6/2023","15:43",2.8,0.699,0.252,1.9,0.9,0,0,0,NA,0.452,NA,NA,1,2.8,0.282,0.526,0.48
357,"3a","CUMS_Fluox","entrenamiento_rev_2",4,"2/6/2023","15:44",9.1,2.097,0.229,1.6,1.5,2.8,3.3,1,3.7,0.388,0.69,0.66,1,9.1,0.487,0.188,4.08
358,"4a","CUMS_Fluox","entrenamiento_rev_2",1,"2/6/2023","15:46",13.7,3.097,0.227,1,4,3.5,5.2,0,NA,0.326,NA,NA,1,13.7,0.407,0.241,4.26
359,"4a","CUMS_Fluox","entrenamiento_rev_2",2,"2/6/2023","15:47",7.3,1.407,0.193,0,3.2,0.4,3.6,1,2.6,0.404,0.627,0.25,1,7.3,0.406,0.531,1.46
360,"4a","CUMS_Fluox","entrenamiento_rev_2",3,"2/6/2023","15:48",1.3,0.162,0.123,0,1.3,0,0,0,NA,0.559,NA,NA,1,1.3,0.053,0.477,0.04
361,"4a","CUMS_Fluox","entrenamiento_rev_2",4,"2/6/2023","15:49",13.3,2.749,0.207,2.3,3.5,5.6,1.9,0,NA,0.399,NA,NA,1,13.2,0.321,0.118,3.97
390,"1-2","CUMS_Fluox","entrenamiento_rev_2",1,"2/6/2023","16:23",29.3,6.427,0.219,6.6,9.3,7.5,5.9,1,11.4,0.386,0.123,3.77,1,29.3,0.36,0.106,9.43
391,"1-2","CUMS_Fluox","entrenamiento_rev_2",2,"2/6/2023","16:24",6.6,1.27,0.193,0.7,2.2,0,3.8,1,2.5,0.355,0.797,0.24,1,6.6,0.482,0.685,1.2
392,"1-2","CUMS_Fluox","entrenamiento_rev_2",3,"2/6/2023","16:25",2.4,0.444,0.184,0.8,1.6,0,0,0,NA,0.647,NA,NA,1,2.4,0.196,0.783,0.14
393,"1-2","CUMS_Fluox","entrenamiento_rev_2",4,"2/6/2023","16:25",12.6,2.81,0.223,0.7,3,4.4,4.6,0,NA,0.397,NA,NA,1,12.6,0.402,0.13,4.74
394,"2-2","CUMS_Fluox","entrenamiento_rev_2",1,"2/6/2023","16:26",44.8,8.198,0.183,6.8,7.4,10.7,19.9,3,2.3,0.293,0.725,0.13,1,44.8,0.439,0.08,18.45
395,"2-2","CUMS_Fluox","entrenamiento_rev_2",2,"2/6/2023","16:28",14.7,2.91,0.197,0,3.1,4.4,7.2,0,NA,0.306,NA,NA,1,14.7,0.471,0.285,5.15
396,"2-2","CUMS_Fluox","entrenamiento_rev_2",3,"2/6/2023","16:29",11.8,2.117,0.179,2.8,4.1,1.9,3,0,NA,0.408,NA,NA,1,11.8,0.357,0.108,4.06
397,"2-2","CUMS_Fluox","entrenamiento_rev_2",4,"2/6/2023","16:30",19.2,3.542,0.184,4.3,4.1,5.9,4.9,1,6.6,0.413,0.453,2.61,1,19.2,0.372,0.079,6.91
398,"3-2","CUMS_Fluox","entrenamiento_rev_2",1,"2/6/2023","16:32",11.1,2.216,0.2,3.1,4.3,0,3.7,0,NA,0.458,NA,NA,1,11.1,0.366,0.358,2.45
399,"3-2","CUMS_Fluox","entrenamiento_rev_2",2,"2/6/2023","16:33",4.1,0.832,0.205,0,1.1,2.9,0,0,NA,0.429,NA,NA,1,4,0.463,0.898,0.41
400,"3-2","CUMS_Fluox","entrenamiento_rev_2",3,"2/6/2023","16:33",3.4,0.792,0.233,2.7,0.7,0,0,0,NA,0.521,NA,NA,1,3.4,0.348,0.489,0.84
401,"3-2","CUMS_Fluox","entrenamiento_rev_2",4,"2/6/2023","16:34",6.7,1.079,0.16,0,5.5,1.2,0,0,NA,0.701,NA,NA,1,6.7,0.16,0.353,0.59
402,"4-2","CUMS_Fluox","entrenamiento_rev_2",1,"2/6/2023","16:35",5.7,1.43,0.249,1.8,2.3,0,1.6,0,NA,0.436,NA,NA,1,5.7,0.35,0.484,1.02
403,"4-2","CUMS_Fluox","entrenamiento_rev_2",2,"2/6/2023","16:36",3.4,1.137,0.331,0,0.7,1.4,1.3,0,NA,0.347,NA,NA,1,3.4,0.52,0.733,0.59
404,"4-2","CUMS_Fluox","entrenamiento_rev_2",3,"2/6/2023","16:36",10.4,2.283,0.22,2.2,2.9,4.2,1.2,0,NA,0.432,NA,NA,1,10.4,0.328,0.185,2.98
405,"4-2","CUMS_Fluox","entrenamiento_rev_2",4,"2/6/2023","16:37",1.7,0.284,0.171,0,1.7,0,0,0,NA,0.664,NA,NA,1,1.6,0.158,0.921,0.03
410,"1b","CUMS_ctrl","prueba_rev",1,"2/7/2023","14:00",60,14.925,0.249,9.8,28.3,10.5,11.4,1,14.8,0.481,0.237,7.44,9,1,0.356,0.999,0.02
411,"2b","CUMS_ctrl","prueba_rev",1,"2/7/2023","14:13",60,13.398,0.223,8.1,33.4,9.4,9.1,2,21.4,0.497,0.163,10.45,8,1.2,0.264,0.849,0.06
412,"3b","CUMS_ctrl","prueba_rev",1,"2/7/2023","14:25",60,14.74,0.246,24.1,6,5.2,24.7,6,2.8,0.312,0.928,0.26,0,NA,0.464,NA,NA
413,"1-1","CUMS_ctrl","prueba_rev",1,"2/7/2023","14:52",60,13.244,0.221,15.4,33.3,2.2,9.1,1,44.4,0.497,0.066,22.64,8,1.9,0.291,0.669,0.12
414,"2-1","CUMS_ctrl","prueba_rev",1,"2/7/2023","15:05",60,11.795,0.197,12.5,33.9,7.1,6.4,1,14,0.533,0.317,6.5,8,17.5,0.238,0.083,4.55
415,"3-1","CUMS_ctrl","prueba_rev",1,"2/7/2023","15:18",60,13.871,0.231,20.3,26.9,3.2,9.7,1,19,0.455,0.175,7.27,8,5.3,0.317,0.249,1.51
416,"4-1","CUMS_ctrl","prueba_rev",1,"2/7/2023","15:28",60,13.673,0.228,5.9,33,10.8,10.3,1,9.9,0.485,0.295,3.56,9,6.2,0.254,0.09,1.17
406,"1a","CUMS_Fluox","prueba_rev",1,"2/7/2023","13:12",60,12.01,0.2,14.3,11.6,26.4,7.7,2,37.3,0.427,0.095,15.04,1,10.2,0.392,0.13,2.31
407,"2a","CUMS_Fluox","prueba_rev",1,"2/7/2023","13:22",60,12.57,0.21,23.5,17.4,5,14.1,0,NA,0.392,NA,NA,3,14.4,0.39,0.073,5.65
408,"3a","CUMS_Fluox","prueba_rev",1,"2/7/2023","13:33",60,11.126,0.185,7.4,43.6,0.6,8.5,0,NA,0.566,NA,NA,10,1.6,0.222,0.949,0.1
409,"4a","CUMS_Fluox","prueba_rev",1,"2/7/2023","13:48",60,14.204,0.237,16.8,22.2,5.3,15.7,2,26.1,0.409,0.127,11.44,2,22.7,0.369,0.042,5.18
417,"1-2","CUMS_Fluox","prueba_rev",1,"2/7/2023","15:39",60,11.831,0.197,9.8,33.9,10.3,6.1,0,NA,0.507,NA,NA,5,1.8,0.264,0.799,0.12
418,"2-2","CUMS_Fluox","prueba_rev",1,"2/7/2023","15:52",60,11.545,0.192,14.7,32.5,6.7,6.1,0,NA,0.488,NA,NA,3,3.1,0.257,0.549,0.52
419,"3-2","CUMS_Fluox","prueba_rev",1,"2/7/2023","16:00",60,12.489,0.208,3.5,31.3,15.6,9.6,2,24.5,0.54,0.163,14.36,5,5.9,0.295,0.201,1.02
420,"4-2","CUMS_Fluox","prueba_rev",1,"2/7/2023","16:07",60,14.497,0.242,13.5,30.7,9.2,6.6,0,NA,0.51,NA,NA,8,9.7,0.299,0.156,2.73
