,hora,X,0,1,2,3,4,5,6,7
1,14.1,0,0,0,0,0,0,0,0,0
2,14.2,12,12,NA,NA,NA,NA,NA,NA,NA
3,14.3,0,0,0,0,0,0,0,0,0
4,14.4,0,0,0,NA,0,0,0,0,0
5,14.5,0,0,NA,NA,0,0,0,0,NA
6,15,0,0,NA,NA,0,0,0,0,NA
7,15.1,0,0,NA,NA,0,NA,0,0,NA
8,15.2,0,0,NA,NA,0,NA,0,0,NA
9,15.3,0,0,NA,NA,NA,NA,0,0,NA
10,15.4,0,0,NA,NA,NA,NA,0,0,NA
11,15.5,0,0,NA,NA,NA,0,NA,0,NA
12,16,0,0,NA,NA,NA,0,NA,0,NA
13,16.1,0,0,NA,NA,NA,NA,NA,NA,NA
14,16.2,0,0,NA,NA,NA,NA,NA,0,NA
15,16.3,0,0,NA,NA,NA,NA,NA,NA,NA
16,16.4,0,0,NA,NA,NA,NA,NA,NA,NA
17,16.5,0,0,NA,NA,NA,NA,NA,NA,NA
18,17,204,204,NA,NA,NA,NA,NA,NA,NA
19,17.1,74,74,NA,NA,NA,NA,NA,NA,NA
20,17.2,209,209,NA,NA,NA,NA,NA,NA,NA
21,17.3,247,247,NA,NA,NA,NA,NA,NA,NA
22,17.4,237,237,NA,NA,NA,NA,NA,NA,NA
23,17.5,63,63,NA,NA,NA,NA,NA,NA,NA
24,18,0,0,NA,0,NA,NA,NA,NA,NA
25,18.1,103,103,NA,NA,NA,NA,NA,NA,NA
26,18.2,100,100,NA,NA,NA,NA,NA,NA,NA
27,18.3,0,0,NA,0,NA,0,NA,NA,NA
28,18.4,0,0,NA,0,NA,NA,0,NA,NA
29,18.5,0,0,NA,0,NA,NA,NA,NA,NA
30,19,0,0,0,0,NA,NA,NA,NA,NA
31,19.1,0,0,0,NA,NA,NA,NA,NA,NA
32,19.2,0,0,0,NA,NA,NA,NA,NA,NA
33,19.3,0,0,0,NA,NA,0,NA,NA,NA
34,19.4,0,0,0,NA,NA,NA,NA,0,NA
35,19.5,0,0,0,NA,NA,NA,NA,NA,NA
36,20,0,0,0,NA,NA,NA,0,0,NA
37,20.1,0,0,0,NA,NA,NA,NA,NA,NA
38,20.2,59,59,NA,NA,NA,NA,NA,NA,NA
39,20.3,97,97,NA,NA,NA,NA,NA,NA,NA
40,20.4,208,208,NA,NA,NA,NA,NA,NA,NA
41,20.5,49,49,NA,NA,NA,NA,NA,NA,NA
42,21,254,254,NA,NA,NA,NA,NA,NA,NA
43,21.1,106,106,NA,NA,NA,NA,NA,NA,NA
44,21.2,30,30,NA,NA,NA,NA,NA,NA,NA
45,21.3,29,29,NA,NA,NA,NA,NA,NA,NA
46,21.4,212,212,NA,NA,NA,NA,NA,NA,NA
47,21.5,264,264,NA,NA,NA,NA,NA,NA,NA
48,22,279,279,NA,279,NA,NA,NA,NA,NA
49,22.1,0,0,0,NA,NA,0,NA,0,NA
50,22.2,0,0,0,NA,NA,0,0,0,NA
51,22.3,0,0,0,NA,NA,0,0,0,NA
52,22.4,0,0,0,NA,NA,0,0,0,NA
53,22.5,0,0,0,NA,NA,0,0,0,NA
54,23,0,0,NA,NA,NA,0,NA,0,NA
55,23.1,21,21,NA,NA,NA,NA,NA,NA,NA
56,23.2,0,0,NA,0,NA,0,NA,NA,NA
57,23.3,272,272,NA,NA,NA,NA,NA,NA,NA
58,23.4,24,24,NA,NA,NA,NA,NA,NA,NA
59,23.5,0,0,0,NA,0,0,NA,0,NA
60,0,447,NA,447,NA,NA,NA,NA,NA,NA
61,0.1,117,NA,117,NA,NA,NA,NA,NA,NA
62,0.2,1,NA,1,NA,NA,NA,NA,NA,NA
63,0.3,9,NA,9,NA,NA,NA,NA,NA,NA
64,0.4,107,NA,107,NA,NA,NA,NA,NA,NA
65,0.5,3,NA,3,NA,NA,NA,NA,NA,NA
66,1,54,NA,54,NA,NA,NA,NA,NA,NA
67,1.1,1,NA,1,NA,NA,NA,NA,NA,NA
68,1.2,12,NA,12,NA,NA,NA,NA,NA,NA
69,1.3,54,NA,54,NA,NA,NA,NA,NA,NA
70,1.4,330,NA,330,NA,NA,NA,NA,NA,NA
71,1.5,152,NA,152,NA,NA,NA,NA,NA,NA
72,2,221,NA,221,NA,NA,NA,NA,NA,NA
73,2.1,211,NA,211,NA,NA,NA,NA,NA,NA
74,2.2,23,NA,23,23,NA,NA,NA,NA,NA
75,2.3,0,NA,0,NA,NA,0,NA,0,NA
76,2.4,0,NA,0,NA,NA,0,NA,0,NA
77,2.5,0,NA,0,NA,NA,0,NA,0,NA
78,3,0,NA,0,NA,NA,0,NA,0,NA
79,3.1,0,NA,0,0,NA,0,0,0,0
80,3.2,0,NA,0,0,NA,0,0,0,0
81,3.3,0,NA,0,NA,0,0,0,0,0
82,3.4,0,NA,0,0,NA,0,0,0,0
83,3.5,0,NA,0,0,0,0,0,0,0
84,4,0,NA,0,NA,0,0,0,0,0
85,4.1,0,NA,0,NA,0,0,0,0,0
86,4.2,0,NA,0,0,0,0,0,0,0
87,4.3,0,NA,0,0,0,NA,0,0,0
88,4.4,0,NA,0,0,0,NA,0,0,0
89,4.5,0,NA,0,0,0,NA,0,0,NA
90,5,22,NA,22,NA,NA,NA,NA,NA,NA
91,5.1,15,NA,15,NA,NA,NA,NA,NA,NA
92,5.2,361,NA,361,NA,NA,NA,NA,NA,NA
93,5.3,197,NA,197,NA,NA,NA,NA,NA,NA
94,5.4,0,NA,0,NA,0,NA,0,0,0
95,5.5,1,NA,1,NA,NA,1,NA,NA,NA
96,6,0,NA,0,0,0,NA,0,0,0
97,6.1,0,NA,0,0,0,0,0,0,0
98,6.2,0,NA,0,0,0,0,0,0,0
99,6.3,0,NA,0,0,0,0,NA,0,0
100,6.4,0,NA,0,NA,0,0,NA,0,0
101,6.5,0,NA,0,0,0,0,NA,0,0
102,7,0,NA,0,0,0,0,0,0,0
103,7.1,0,NA,0,0,NA,0,0,0,0
104,7.2,0,NA,0,0,0,0,0,0,0
105,7.3,0,NA,0,0,0,0,0,0,0
106,7.4,0,NA,0,NA,0,0,0,0,0
107,7.5,0,NA,0,NA,0,NA,0,0,0
108,8,0,NA,0,NA,0,NA,0,0,0
109,8.1,0,NA,0,0,0,NA,0,0,0
110,8.2,0,NA,0,0,0,0,0,0,0
111,8.3,0,NA,0,0,0,0,0,0,0
112,8.4,0,NA,0,0,0,0,0,0,NA
113,8.5,0,NA,0,0,0,0,0,0,0
114,9,0,NA,0,0,0,0,0,0,0
115,9.1,0,NA,0,0,0,0,0,0,0
116,9.2,0,NA,0,0,0,0,0,0,0
117,9.3,0,NA,0,0,0,0,0,0,0
118,9.4,0,NA,0,0,0,0,0,0,0
119,9.5,0,NA,0,0,0,0,0,0,0
120,10,0,NA,0,0,0,0,0,0,0
121,10.1,0,NA,0,0,0,0,0,0,0
122,10.2,0,NA,0,0,0,0,0,0,0
123,10.3,0,NA,0,0,0,0,0,0,0
124,10.4,0,NA,0,0,0,0,0,0,0
125,10.5,0,NA,0,0,0,0,0,0,0
126,11,0,NA,0,0,0,0,0,0,0
127,11.1,0,NA,0,0,0,0,0,0,0
128,11.2,0,NA,0,0,0,0,0,0,0
129,11.3,0,NA,0,0,0,0,0,0,0
130,11.4,0,NA,0,0,0,0,0,0,0
131,11.5,0,NA,0,0,0,0,0,0,0
132,12,0,NA,0,0,0,0,0,0,0
133,12.1,0,NA,0,0,0,NA,0,0,0
134,12.2,0,NA,0,0,0,NA,0,0,0
135,12.3,0,NA,0,0,0,0,0,0,0
136,12.4,0,NA,0,0,0,0,0,NA,NA
137,12.5,0,NA,0,0,NA,0,0,NA,0
138,13,0,NA,0,0,NA,0,0,0,0
139,13.1,0,NA,0,0,0,0,0,NA,0
140,13.2,0,NA,0,0,0,0,0,NA,0
141,13.3,0,NA,0,0,0,0,0,NA,0
142,13.4,0,NA,0,0,0,0,0,NA,0
143,13.5,0,NA,0,0,0,0,0,NA,0
144,14,0,NA,0,0,0,0,0,0,0
145,14.2,0,NA,0,0,0,0,0,0,0
146,14.5,49,NA,49,NA,NA,NA,NA,NA,NA
147,15,145,NA,145,NA,NA,NA,NA,NA,NA
148,15.1,283,NA,283,NA,NA,NA,NA,NA,NA
149,15.2,159,NA,159,NA,NA,NA,NA,NA,NA
150,15.3,301,NA,301,NA,NA,NA,NA,NA,NA
151,15.4,100,NA,100,NA,NA,NA,NA,NA,NA
152,15.5,316,NA,316,NA,NA,NA,NA,NA,NA
153,16,275,NA,275,NA,NA,NA,NA,NA,NA
154,16.1,19,NA,19,NA,NA,NA,NA,NA,NA
155,16.2,232,NA,232,NA,NA,NA,NA,NA,NA
156,16.3,233,NA,233,NA,NA,NA,NA,NA,NA
157,16.4,342,NA,342,NA,NA,NA,NA,NA,NA
158,16.5,170,NA,170,NA,NA,NA,NA,NA,NA
159,17,5,NA,5,NA,NA,NA,NA,NA,NA
160,17.1,0,NA,0,0,NA,NA,NA,NA,NA
161,17.2,0,NA,0,0,NA,NA,NA,NA,NA
162,17.3,0,NA,0,0,NA,NA,NA,NA,NA
163,17.4,0,NA,0,0,NA,NA,NA,NA,NA
164,17.5,0,NA,0,0,NA,NA,NA,NA,NA
165,18,43,NA,43,NA,NA,NA,NA,NA,NA
166,18.1,315,NA,315,NA,NA,NA,NA,NA,NA
167,18.2,10,NA,10,NA,NA,NA,NA,NA,NA
168,18.3,135,NA,135,NA,NA,NA,NA,NA,NA
169,18.4,101,NA,101,NA,NA,NA,NA,NA,NA
170,18.5,3,NA,3,NA,NA,NA,NA,NA,NA
171,20.2,0,NA,0,NA,NA,NA,NA,NA,NA
172,20.3,0,NA,0,0,0,0,0,NA,NA
173,20.4,16,NA,16,NA,NA,NA,NA,NA,NA
174,20.5,234,NA,234,NA,NA,NA,NA,NA,NA
175,21,215,NA,215,NA,NA,NA,NA,NA,NA
176,21.1,74,NA,74,NA,NA,NA,NA,NA,NA
177,21.2,78,NA,78,NA,NA,NA,NA,NA,NA
178,21.3,109,NA,109,NA,NA,NA,NA,NA,NA
179,21.4,168,NA,168,NA,NA,NA,NA,NA,NA
180,21.5,18,NA,18,NA,NA,NA,NA,NA,NA
181,22,0,NA,0,NA,NA,0,0,0,NA
182,23,2,NA,2,NA,NA,NA,NA,NA,NA
183,23.1,8,NA,8,NA,NA,NA,NA,NA,NA
184,23.2,79,NA,79,NA,NA,NA,NA,NA,NA
185,23.3,36,NA,36,NA,NA,NA,NA,NA,NA
186,23.4,0,NA,0,NA,NA,0,NA,NA,NA
187,0,201,NA,NA,201,NA,NA,NA,NA,NA
188,0.1,103,NA,NA,103,NA,NA,NA,NA,NA
189,0.2,50,NA,NA,50,NA,NA,NA,NA,NA
190,0.3,241,NA,NA,241,NA,NA,NA,NA,NA
191,0.4,1,NA,NA,1,NA,NA,NA,NA,NA
192,0.5,0,NA,NA,0,NA,0,NA,NA,NA
193,1,270,NA,NA,270,NA,NA,NA,NA,NA
194,1.1,164,NA,NA,164,NA,NA,NA,NA,NA
195,1.2,93,NA,NA,93,NA,NA,NA,NA,NA
196,1.3,20,NA,NA,20,NA,NA,NA,NA,NA
197,1.4,0,NA,NA,0,NA,0,NA,NA,NA
198,1.5,362,NA,NA,362,NA,NA,NA,NA,NA
199,2,13,NA,NA,13,NA,NA,NA,NA,NA
200,2.1,26,NA,NA,26,NA,NA,NA,NA,NA
201,2.3,54,NA,NA,54,NA,NA,NA,NA,NA
202,2.4,65,NA,NA,65,NA,NA,NA,NA,NA
203,2.5,50,NA,NA,50,NA,NA,NA,NA,NA
204,3,8,NA,NA,8,NA,NA,NA,NA,NA
205,3.3,4,NA,NA,4,NA,NA,NA,NA,NA
206,4,18,NA,NA,18,NA,NA,NA,NA,NA
207,4.1,44,NA,NA,44,NA,NA,NA,NA,NA
208,5,43,NA,NA,43,NA,NA,NA,NA,NA
209,5.1,7,NA,NA,7,NA,NA,NA,NA,NA
210,5.2,6,NA,NA,6,NA,NA,NA,NA,NA
211,5.3,4,NA,NA,4,NA,NA,NA,NA,NA
212,5.4,243,NA,NA,243,NA,NA,NA,NA,NA
213,5.5,0,NA,NA,0,0,NA,0,0,0
214,6.4,33,NA,NA,33,NA,NA,NA,NA,NA
215,7.4,159,NA,NA,159,NA,NA,NA,NA,NA
216,7.5,76,NA,NA,76,NA,NA,NA,NA,NA
217,8,121,NA,NA,121,NA,NA,NA,NA,NA
218,14.4,122,NA,NA,122,NA,NA,NA,NA,NA
219,14.5,126,NA,NA,126,NA,NA,NA,NA,NA
220,15,416,NA,NA,416,NA,NA,NA,NA,NA
221,15.1,14,NA,NA,14,NA,NA,NA,NA,NA
222,15.2,52,NA,NA,52,NA,NA,NA,NA,NA
223,15.3,323,NA,NA,323,NA,NA,NA,NA,NA
224,15.4,273,NA,NA,273,NA,NA,NA,NA,NA
225,15.5,139,NA,NA,139,NA,NA,NA,NA,NA
226,16,263,NA,NA,263,NA,NA,NA,NA,NA
227,16.1,235,NA,NA,235,NA,NA,NA,NA,NA
228,16.2,154,NA,NA,154,NA,NA,NA,NA,NA
229,16.3,189,NA,NA,189,NA,NA,NA,NA,NA
230,16.4,262,NA,NA,262,NA,NA,NA,NA,NA
231,16.5,331,NA,NA,331,NA,NA,NA,NA,NA
232,17,66,NA,NA,66,NA,NA,NA,NA,NA
233,18.1,0,NA,NA,0,NA,NA,NA,NA,NA
234,18.2,0,NA,NA,0,NA,NA,NA,NA,NA
235,19.1,43,NA,NA,43,NA,NA,NA,NA,NA
236,19.2,249,NA,NA,249,NA,NA,NA,NA,NA
237,19.3,6,NA,NA,6,NA,NA,NA,NA,NA
238,19.4,268,NA,NA,268,NA,NA,NA,NA,NA
239,19.5,180,NA,NA,180,NA,NA,NA,NA,NA
240,20,1,NA,NA,1,NA,NA,NA,NA,NA
241,20.1,424,NA,NA,424,NA,NA,NA,NA,NA
242,20.2,75,NA,NA,75,NA,NA,NA,NA,NA
243,20.4,0,NA,NA,0,0,NA,0,NA,NA
244,20.5,0,NA,NA,0,0,NA,NA,NA,NA
245,21,0,NA,NA,0,0,NA,NA,NA,NA
246,21.1,1,NA,NA,1,NA,NA,NA,NA,NA
247,21.2,0,NA,NA,0,0,NA,0,NA,NA
248,21.3,0,NA,NA,0,0,NA,0,NA,NA
249,21.4,43,NA,NA,43,NA,NA,NA,NA,NA
250,21.5,163,NA,NA,163,NA,NA,NA,NA,NA
251,22.1,104,NA,NA,104,NA,NA,NA,NA,NA
252,22.2,80,NA,NA,80,NA,NA,NA,NA,NA
253,22.3,7,NA,NA,7,NA,NA,NA,NA,NA
254,22.4,117,NA,NA,117,NA,NA,NA,NA,NA
255,22.5,279,NA,NA,279,NA,NA,NA,NA,NA
256,23,323,NA,NA,323,NA,NA,NA,NA,NA
257,23.1,6,NA,NA,6,NA,NA,NA,NA,NA
258,23.3,308,NA,NA,308,NA,NA,NA,NA,NA
259,23.4,89,NA,NA,89,NA,NA,NA,NA,NA
260,23.5,93,NA,NA,93,NA,NA,NA,NA,NA
261,0,90,NA,NA,NA,90,NA,NA,NA,NA
262,0.1,252,NA,NA,NA,252,NA,NA,NA,NA
263,0.2,7,NA,NA,NA,7,NA,NA,NA,NA
264,0.3,287,NA,NA,NA,287,NA,NA,NA,NA
265,0.4,25,NA,NA,NA,25,NA,NA,NA,NA
266,0.5,10,NA,NA,NA,10,NA,NA,NA,NA
267,1,17,NA,NA,NA,17,NA,NA,NA,NA
268,1.1,2,NA,NA,NA,2,NA,NA,NA,NA
269,1.2,0,NA,NA,NA,0,0,NA,NA,NA
270,1.3,0,NA,NA,NA,0,0,NA,NA,0
271,1.4,1,NA,NA,NA,1,NA,NA,NA,NA
272,1.5,0,NA,NA,NA,0,0,NA,NA,NA
273,2,0,NA,NA,NA,0,0,NA,NA,NA
274,2.1,0,NA,NA,NA,0,0,NA,0,NA
275,2.2,6,NA,NA,NA,6,NA,NA,NA,NA
276,2.3,75,NA,NA,NA,75,NA,NA,NA,NA
277,2.4,271,NA,NA,NA,271,NA,NA,NA,NA
278,2.5,201,NA,NA,NA,201,NA,NA,NA,NA
279,3,151,NA,NA,NA,151,NA,NA,NA,NA
280,3.1,153,NA,NA,NA,153,NA,NA,NA,NA
281,3.2,179,NA,NA,NA,179,NA,NA,NA,NA
282,3.4,33,NA,NA,NA,33,NA,NA,NA,NA
283,5,0,NA,NA,NA,0,NA,0,0,NA
284,5.1,0,NA,NA,NA,0,0,0,0,0
285,5.2,0,NA,NA,NA,0,0,0,0,0
286,5.3,0,NA,NA,NA,0,NA,0,0,0
287,7.1,2,NA,NA,NA,2,NA,NA,NA,NA
288,12.5,67,NA,NA,NA,67,NA,NA,NA,NA
289,13,8,NA,NA,NA,8,NA,NA,NA,NA
290,15.3,189,NA,NA,NA,189,NA,NA,NA,NA
291,15.4,217,NA,NA,NA,217,NA,NA,NA,NA
292,15.5,349,NA,NA,NA,349,NA,NA,NA,NA
293,16,360,NA,NA,NA,360,NA,NA,NA,NA
294,16.1,53,NA,NA,NA,53,NA,NA,NA,NA
295,16.2,382,NA,NA,NA,382,NA,NA,NA,NA
296,16.3,149,NA,NA,NA,149,NA,NA,NA,NA
297,16.4,339,NA,NA,NA,339,NA,NA,NA,NA
298,16.5,111,NA,NA,NA,111,NA,NA,NA,NA
299,17,1,NA,NA,NA,1,NA,NA,NA,NA
300,17.1,377,NA,NA,NA,377,NA,NA,NA,NA
301,17.2,7,NA,NA,NA,7,NA,NA,NA,NA
302,17.3,9,NA,NA,NA,9,NA,NA,NA,NA
303,17.4,11,NA,NA,NA,11,NA,NA,NA,NA
304,17.5,106,NA,NA,NA,106,NA,NA,NA,NA
305,18,433,NA,NA,NA,433,NA,NA,NA,NA
306,18.1,169,NA,NA,NA,169,NA,NA,NA,NA
307,18.2,435,NA,NA,NA,435,NA,NA,NA,NA
308,18.3,288,NA,NA,NA,288,NA,NA,NA,NA
309,18.4,326,NA,NA,NA,326,NA,NA,NA,NA
310,18.5,473,NA,NA,NA,473,NA,NA,NA,NA
311,19,320,NA,NA,NA,320,NA,NA,NA,NA
312,19.1,398,NA,NA,NA,398,NA,NA,NA,NA
313,19.2,16,NA,NA,NA,16,NA,NA,NA,NA
314,19.3,359,NA,NA,NA,359,NA,NA,NA,NA
315,19.4,240,NA,NA,NA,240,NA,NA,NA,NA
316,19.5,335,NA,NA,NA,335,NA,NA,NA,NA
317,20,514,NA,NA,NA,514,NA,NA,NA,NA
318,20.1,10,NA,NA,NA,10,NA,NA,NA,NA
319,20.2,52,NA,NA,NA,52,NA,NA,NA,NA
320,21.1,0,NA,NA,NA,0,NA,0,NA,NA
321,21.4,0,NA,NA,NA,0,0,0,NA,NA
322,21.5,25,NA,NA,NA,25,NA,NA,NA,NA
323,22,349,NA,NA,NA,349,NA,NA,NA,NA
324,22.1,22,NA,NA,NA,22,NA,NA,NA,NA
325,22.2,228,NA,NA,NA,228,NA,NA,NA,NA
326,22.3,320,NA,NA,NA,320,NA,NA,NA,NA
327,22.4,78,NA,NA,NA,78,NA,NA,NA,NA
328,22.5,113,NA,NA,NA,113,NA,NA,NA,NA
329,23,291,NA,NA,NA,291,NA,NA,NA,NA
330,23.1,311,NA,NA,NA,311,NA,NA,NA,NA
331,23.2,408,NA,NA,NA,408,NA,NA,NA,NA
332,23.3,134,NA,NA,NA,134,NA,NA,NA,NA
333,23.4,1,NA,NA,NA,1,NA,NA,NA,NA
334,0,328,NA,NA,NA,NA,328,NA,NA,NA
335,0.1,228,NA,NA,NA,NA,228,NA,NA,NA
336,0.2,483,NA,NA,NA,NA,483,NA,NA,NA
337,0.3,288,NA,NA,NA,NA,288,NA,NA,NA
338,0.4,139,NA,NA,NA,NA,139,NA,NA,NA
339,1,6,NA,NA,NA,NA,6,NA,NA,6
340,1.1,0,NA,NA,NA,NA,0,0,NA,NA
341,2.2,0,NA,NA,NA,NA,0,0,NA,NA
342,4.3,1,NA,NA,NA,NA,1,NA,NA,NA
343,4.4,2,NA,NA,NA,NA,2,NA,NA,NA
344,4.5,32,NA,NA,NA,NA,32,NA,NA,NA
345,5,18,NA,NA,NA,NA,18,NA,NA,NA
346,5.3,11,NA,NA,NA,NA,11,NA,NA,NA
347,5.4,198,NA,NA,NA,NA,198,NA,NA,NA
348,6,1,NA,NA,NA,NA,1,NA,NA,NA
349,7.5,1,NA,NA,NA,NA,1,NA,NA,NA
350,8,3,NA,NA,NA,NA,3,NA,NA,NA
351,8.1,1,NA,NA,NA,NA,1,NA,NA,NA
352,12.1,1,NA,NA,NA,NA,1,NA,NA,NA
353,12.2,2,NA,NA,NA,NA,2,NA,NA,NA
354,15.1,2,NA,NA,NA,NA,2,NA,NA,NA
355,15.2,33,NA,NA,NA,NA,33,NA,NA,NA
356,15.3,226,NA,NA,NA,NA,226,NA,NA,NA
357,15.4,32,NA,NA,NA,NA,32,NA,NA,NA
358,16.1,357,NA,NA,NA,NA,357,NA,NA,NA
359,16.2,348,NA,NA,NA,NA,348,NA,NA,NA
360,16.3,131,NA,NA,NA,NA,131,NA,NA,NA
361,16.4,401,NA,NA,NA,NA,401,NA,NA,NA
362,16.5,262,NA,NA,NA,NA,262,NA,NA,NA
363,17,261,NA,NA,NA,NA,261,NA,NA,NA
364,17.1,399,NA,NA,NA,NA,399,NA,NA,NA
365,17.2,430,NA,NA,NA,NA,430,NA,NA,NA
366,17.3,31,NA,NA,NA,NA,31,NA,NA,NA
367,17.4,35,NA,NA,NA,NA,35,NA,NA,NA
368,17.5,156,NA,NA,NA,NA,156,NA,NA,NA
369,18,174,NA,NA,NA,NA,174,NA,NA,NA
370,18.1,34,NA,NA,NA,NA,34,NA,NA,NA
371,18.2,424,NA,NA,NA,NA,424,NA,NA,NA
372,18.4,132,NA,NA,NA,NA,132,NA,NA,NA
373,18.5,304,NA,NA,NA,NA,304,NA,NA,NA
374,19,235,NA,NA,NA,NA,235,NA,NA,NA
375,19.1,235,NA,NA,NA,NA,235,NA,NA,NA
376,19.2,255,NA,NA,NA,NA,255,NA,NA,NA
377,19.4,89,NA,NA,NA,NA,89,NA,NA,NA
378,19.5,217,NA,NA,NA,NA,217,NA,NA,NA
379,20,320,NA,NA,NA,NA,320,NA,NA,NA
380,20.1,121,NA,NA,NA,NA,121,NA,NA,NA
381,20.2,1,NA,NA,NA,NA,1,1,NA,NA
382,20.4,117,NA,NA,NA,NA,117,NA,NA,NA
383,20.5,143,NA,NA,NA,NA,143,NA,NA,NA
384,21,139,NA,NA,NA,NA,139,NA,NA,NA
385,21.1,86,NA,NA,NA,NA,86,NA,NA,NA
386,21.2,12,NA,NA,NA,NA,12,NA,NA,NA
387,21.3,8,NA,NA,NA,NA,8,NA,NA,NA
388,21.5,1,NA,NA,NA,NA,1,NA,NA,NA
389,23.1,0,NA,NA,NA,NA,0,NA,0,NA
390,23.3,0,NA,NA,NA,NA,0,NA,NA,NA
391,0,0,NA,NA,NA,NA,NA,0,NA,0
392,0.1,0,NA,NA,NA,NA,NA,0,0,NA
393,0.2,125,NA,NA,NA,NA,NA,125,NA,NA
394,0.3,0,NA,NA,NA,NA,NA,0,NA,NA
395,0.4,6,NA,NA,NA,NA,NA,6,NA,NA
396,0.5,159,NA,NA,NA,NA,NA,159,NA,NA
397,1,1,NA,NA,NA,NA,NA,1,NA,NA
398,1.2,187,NA,NA,NA,NA,NA,187,NA,NA
399,1.3,131,NA,NA,NA,NA,NA,131,NA,NA
400,1.4,286,NA,NA,NA,NA,NA,286,NA,NA
401,1.5,106,NA,NA,NA,NA,NA,106,NA,NA
402,2,311,NA,NA,NA,NA,NA,311,NA,NA
403,2.1,125,NA,NA,NA,NA,NA,125,NA,NA
404,2.3,164,NA,NA,NA,NA,NA,164,NA,NA
405,2.4,45,NA,NA,NA,NA,NA,45,NA,NA
406,2.5,41,NA,NA,NA,NA,NA,41,NA,NA
407,3,5,NA,NA,NA,NA,NA,5,NA,NA
408,6.3,1,NA,NA,NA,NA,NA,1,NA,NA
409,6.4,2,NA,NA,NA,NA,NA,2,NA,NA
410,6.5,3,NA,NA,NA,NA,NA,3,NA,NA
411,15.5,76,NA,NA,NA,NA,NA,76,NA,NA
412,16,38,NA,NA,NA,NA,NA,38,NA,NA
413,16.1,237,NA,NA,NA,NA,NA,237,NA,NA
414,16.2,85,NA,NA,NA,NA,NA,85,NA,NA
415,16.3,29,NA,NA,NA,NA,NA,29,NA,NA
416,16.4,190,NA,NA,NA,NA,NA,190,NA,NA
417,16.5,210,NA,NA,NA,NA,NA,210,NA,NA
418,17,188,NA,NA,NA,NA,NA,188,NA,NA
419,17.1,82,NA,NA,NA,NA,NA,82,NA,NA
420,17.2,351,NA,NA,NA,NA,NA,351,NA,NA
421,17.3,207,NA,NA,NA,NA,NA,207,NA,NA
422,17.4,105,NA,NA,NA,NA,NA,105,NA,NA
423,17.5,69,NA,NA,NA,NA,NA,69,NA,NA
424,18,268,NA,NA,NA,NA,NA,268,NA,NA
425,18.1,231,NA,NA,NA,NA,NA,231,NA,NA
426,18.2,120,NA,NA,NA,NA,NA,120,NA,NA
427,18.3,7,NA,NA,NA,NA,NA,7,NA,NA
428,18.5,322,NA,NA,NA,NA,NA,322,NA,NA
429,19,75,NA,NA,NA,NA,NA,75,NA,NA
430,19.1,164,NA,NA,NA,NA,NA,164,NA,NA
431,19.2,45,NA,NA,NA,NA,NA,45,NA,NA
432,19.3,5,NA,NA,NA,NA,NA,5,NA,NA
433,19.4,17,NA,NA,NA,NA,NA,17,NA,NA
434,19.5,214,NA,NA,NA,NA,NA,214,NA,NA
435,20.1,233,NA,NA,NA,NA,NA,233,NA,NA
436,20.5,51,NA,NA,NA,NA,NA,51,NA,NA
437,21,13,NA,NA,NA,NA,NA,13,NA,NA
438,21.5,0,NA,NA,NA,NA,NA,0,0,NA
439,22.1,7,NA,NA,NA,NA,NA,7,NA,NA
440,23,1,NA,NA,NA,NA,NA,1,NA,NA
441,23.1,2,NA,NA,NA,NA,NA,2,NA,NA
442,23.2,337,NA,NA,NA,NA,NA,337,NA,NA
443,23.3,106,NA,NA,NA,NA,NA,106,NA,NA
444,23.4,98,NA,NA,NA,NA,NA,98,NA,NA
445,23.5,98,NA,NA,NA,NA,NA,98,NA,NA
446,0,26,NA,NA,NA,NA,NA,NA,26,NA
447,0.2,6,NA,NA,NA,NA,NA,NA,6,NA
448,0.3,5,NA,NA,NA,NA,NA,NA,5,NA
449,0.4,2,NA,NA,NA,NA,NA,NA,2,NA
450,0.5,1,NA,NA,NA,NA,NA,NA,1,NA
451,1,13,NA,NA,NA,NA,NA,NA,13,NA
452,1.1,300,NA,NA,NA,NA,NA,NA,300,NA
453,1.2,116,NA,NA,NA,NA,NA,NA,116,NA
454,1.3,355,NA,NA,NA,NA,NA,NA,355,NA
455,1.4,316,NA,NA,NA,NA,NA,NA,316,NA
456,1.5,105,NA,NA,NA,NA,NA,NA,105,NA
457,2,165,NA,NA,NA,NA,NA,NA,165,NA
458,2.2,2,NA,NA,NA,NA,NA,NA,2,NA
459,12.4,32,NA,NA,NA,NA,NA,NA,32,NA
460,12.5,2,NA,NA,NA,NA,NA,NA,2,NA
461,13.1,211,NA,NA,NA,NA,NA,NA,211,NA
462,13.2,237,NA,NA,NA,NA,NA,NA,237,NA
463,13.3,244,NA,NA,NA,NA,NA,NA,244,NA
464,13.4,250,NA,NA,NA,NA,NA,NA,250,NA
465,13.5,3,NA,NA,NA,NA,NA,NA,3,NA
466,16.1,51,NA,NA,NA,NA,NA,NA,51,NA
467,16.3,359,NA,NA,NA,NA,NA,NA,359,NA
468,16.4,288,NA,NA,NA,NA,NA,NA,288,NA
469,16.5,181,NA,NA,NA,NA,NA,NA,181,NA
470,17,0,NA,NA,NA,NA,NA,NA,0,NA
471,17.1,275,NA,NA,NA,NA,NA,NA,275,NA
472,17.2,163,NA,NA,NA,NA,NA,NA,163,NA
473,17.3,148,NA,NA,NA,NA,NA,NA,148,NA
474,17.4,436,NA,NA,NA,NA,NA,NA,436,NA
475,17.5,198,NA,NA,NA,NA,NA,NA,198,NA
476,18,4,NA,NA,NA,NA,NA,NA,4,NA
477,18.1,7,NA,NA,NA,NA,NA,NA,7,NA
478,18.2,2,NA,NA,NA,NA,NA,NA,2,NA
479,18.3,1,NA,NA,NA,NA,NA,NA,1,NA
480,18.4,39,NA,NA,NA,NA,NA,NA,39,NA
481,18.5,46,NA,NA,NA,NA,NA,NA,46,NA
482,19,43,NA,NA,NA,NA,NA,NA,43,NA
483,19.1,2,NA,NA,NA,NA,NA,NA,2,NA
484,19.2,5,NA,NA,NA,NA,NA,NA,5,NA
485,19.3,2,NA,NA,NA,NA,NA,NA,2,NA
486,19.5,165,NA,NA,NA,NA,NA,NA,165,NA
487,20.1,398,NA,NA,NA,NA,NA,NA,398,NA
488,20.2,3,NA,NA,NA,NA,NA,NA,3,NA
489,20.3,35,NA,NA,NA,NA,NA,NA,35,NA
490,20.4,1,NA,NA,NA,NA,NA,NA,1,NA
491,20.5,181,NA,NA,NA,NA,NA,NA,181,NA
492,21,356,NA,NA,NA,NA,NA,NA,356,NA
493,21.1,149,NA,NA,NA,NA,NA,NA,149,NA
494,21.2,333,NA,NA,NA,NA,NA,NA,333,NA
495,21.3,31,NA,NA,NA,NA,NA,NA,31,NA
496,21.4,27,NA,NA,NA,NA,NA,NA,27,NA
497,23.2,5,NA,NA,NA,NA,NA,NA,5,NA
498,23.3,22,NA,NA,NA,NA,NA,NA,22,NA
499,23.4,5,NA,NA,NA,NA,NA,NA,5,NA
500,0.1,78,NA,NA,NA,NA,NA,NA,NA,78
501,0.2,135,NA,NA,NA,NA,NA,NA,NA,135
502,0.3,143,NA,NA,NA,NA,NA,NA,NA,143
503,0.4,100,NA,NA,NA,NA,NA,NA,NA,100
504,0.5,17,NA,NA,NA,NA,NA,NA,NA,17
505,1.1,24,NA,NA,NA,NA,NA,NA,NA,24
506,1.2,3,NA,NA,NA,NA,NA,NA,NA,3
507,1.4,85,NA,NA,NA,NA,NA,NA,NA,85
508,1.5,218,NA,NA,NA,NA,NA,NA,NA,218
509,2,62,NA,NA,NA,NA,NA,NA,NA,62
510,2.1,122,NA,NA,NA,NA,NA,NA,NA,122
511,2.2,166,NA,NA,NA,NA,NA,NA,NA,166
512,2.3,13,NA,NA,NA,NA,NA,NA,NA,13
513,2.4,41,NA,NA,NA,NA,NA,NA,NA,41
514,2.5,15,NA,NA,NA,NA,NA,NA,NA,15
515,3,12,NA,NA,NA,NA,NA,NA,NA,12
516,4.5,56,NA,NA,NA,NA,NA,NA,NA,56
517,5,763,NA,NA,NA,NA,NA,NA,NA,763
518,8.4,1,NA,NA,NA,NA,NA,NA,NA,1
519,12.4,2,NA,NA,NA,NA,NA,NA,NA,2
,,,,,,,,,,
,,,,,,,,,,
,,0,,,,,,,,
